v_gene,count
IGHV3-21*01,3983
IGHV1-8*01,8607
IGHV1-2*5m,26170
IGHV3-43*01,7729
IGHV4-34*01+G210T.C243T,1828
IGHV3-33*06,11243
IGHV1-24*01,11096
IGHV3-20*01,1518
IGHV3-9*01,8128
IGHV3-72*01,2332
IGHV3-74*01,12032
IGHV3-64D*06,1049
IGHV3-73*01,797
IGHV3-13*05,530
IGHV5-10-1*03,2473
IGHV1-58*01,736
IGHV1-3*01,28763
IGHV3-23D*01,26177
IGHV4-61*02,17130
IGHV2-5*02,14824
IGHV3-7*03,12009
IGHV4-59*01+T231C.G242C.G247A.G275T,1352
IGHV4-31*03,22367
IGHV4-4*07,18124
IGHV3-11*06,3701
IGHV5-51*03,13931
IGHV2-26*01,792
IGHV3-66*01,14527
IGHV3-49*03,3157
IGHV4-39*01,63325
IGHV1-18*01,32568
IGHV3-48*03,11411
IGHV6-1*01,6034
IGHV1-46*01,10213
IGHV3-48*01,2722
IGHV3-30*04,31145
IGHV4-34*01,54362
IGHV4-59*01,43217
IGHV4-38-2*02,15977
IGHV4-4*02,3360
IGHV3-15*01,6434
IGHV3-64*01,1143
IGHV1-69*14,28317
