Fivemer,A,C,G,T,Source
AAAAA,0,0.3543814433,0.4149484536,0.2306701031,Inferred
AAAAC,0,0.2378854626,0.4757709251,0.2863436123,Inferred
AAAAG,0,0.2419700214,0.4582441113,0.2997858672,Inferred
AAAAT,0,0.6119966443,0.2432885906,0.1447147651,Inferred
AAACA,0,0.25,0.4810606061,0.2689393939,Inferred
AAACC,0,0.1867424242,0.4823863636,0.3308712121,Inferred
AAACG,0,0.2783825816,0.4987039917,0.2229134266,Inferred
AAACT,0,0.2627118644,0.4830508475,0.2542372881,Inferred
AAAGA,0,0.203125,0.5204326923,0.2764423077,Inferred
AAAGC,0,0.1770920211,0.4840144565,0.3388935224,Inferred
AAAGG,0,0.2795031056,0.5776397516,0.1428571429,Inferred
AAAGT,0,0.2,0.4173913043,0.3826086957,Inferred
AAATA,0,0.2839898348,0.3392630241,0.376747141,Inferred
AAATC,0,0.1912442396,0.4746543779,0.3341013825,Inferred
AAATG,0,0.2469869838,0.516953238,0.2360597782,Inferred
AAATT,0,0.3769733261,0.4285973508,0.1944293232,Inferred
AACAA,0.1905499613,0,0.3555383424,0.4539116964,Inferred
AACAC,0.3018867925,0,0.1808176101,0.5172955975,Inferred
AACAG,0.2044963251,0,0.2775616083,0.5179420666,Inferred
AACAT,0.2345679012,0,0.2136752137,0.5517568851,Inferred
AACCA,0.2272994129,0,0.2969667319,0.4757338552,Inferred
AACCC,0.248455731,0,0.2775566232,0.4739876458,Inferred
AACCG,0.217337842,0,0.3039245824,0.4787375756,Inferred
AACCT,0.2718596059,0,0.3023399015,0.4258004926,Inferred
AACGA,0.1258741259,0,0.5244755245,0.3496503497,Inferred
AACGC,0.1609756098,0,0.2447154472,0.5943089431,Inferred
AACGG,0.2931034483,0,0.1293103448,0.5775862069,Inferred
AACGT,0.2692897292,0,0.1527848748,0.577925396,Inferred
AACTA,0.1364190012,0,0.3702801462,0.4933008526,Inferred
AACTC,0.1392978482,0,0.3782559456,0.4824462061,Inferred
AACTG,0.1595441595,0,0.3703703704,0.4700854701,Inferred
AACTT,0.2082009818,0,0.3896910193,0.4021079988,Inferred
AAGAA,0.5558321695,0.2641326128,0,0.1800352177,Inferred
AAGAC,0.4798052888,0.3725825549,0,0.1476121563,Inferred
AAGAG,0.4906914894,0.3550531915,0,0.1542553191,Inferred
AAGAT,0.4534883721,0.4505813953,0,0.0959302326,Inferred
AAGCA,0.6080993608,0.2460555061,0,0.1458451331,Inferred
AAGCC,0.6120185923,0.2417662683,0,0.1462151394,Inferred
AAGCG,0.617945707,0.235891414,0,0.146162879,Inferred
AAGCT,0.6408530652,0.2189425884,0,0.1402043464,Inferred
AAGGA,0.5815848795,0.232269811,0,0.1861453095,Inferred
AAGGC,0.5083969466,0.2770992366,0,0.2145038168,Inferred
AAGGG,0.5476255833,0.2596760911,0,0.1926983256,Inferred
AAGGT,0.5869853918,0.2257636122,0,0.187250996,Inferred
AAGTA,0.4820441989,0.3360957643,0,0.1818600368,Inferred
AAGTC,0.4571226081,0.4075124026,0,0.1353649894,Inferred
AAGTG,0.4686678352,0.3597721297,0,0.1715600351,Inferred
AAGTT,0.5779911435,0.2949550966,0,0.1270537599,Inferred
AATAA,0.323096078,0.4305872588,0.2463166632,0,Inferred
AATAC,0.3032548293,0.4174384758,0.2793066949,0,Inferred
AATAG,0.2427983539,0.5445816187,0.2126200274,0,Inferred
AATAT,0.2564102564,0.4615384615,0.2820512821,0,Inferred
AATCA,0.1434159061,0.5228161669,0.333767927,0,Inferred
AATCC,0.2962962963,0.6296296296,0.0740740741,0,Inferred
AATCG,0.2353658537,0.5414634146,0.2231707317,0,Inferred
AATCT,0.2048475371,0.5668491009,0.228303362,0,Inferred
AATGA,0.2328767123,0.5068493151,0.2602739726,0,Inferred
AATGC,0.2224409449,0.3011811024,0.4763779528,0,Inferred
AATGG,0.176,0.44,0.384,0,Inferred
AATGT,0.2648648649,0.5513513514,0.1837837838,0,Inferred
AATTA,0.2233068944,0.6046369738,0.1720561318,0,Inferred
AATTC,0.0726346288,0.8173643721,0.1100009991,0,Inferred
AATTG,0.2228443449,0.5694288914,0.2077267637,0,Inferred
AATTT,0.1223021583,0.8273381295,0.0503597122,0,Inferred
ACAAA,0,0.3543814433,0.4149484536,0.2306701031,Measured
ACAAC,0,0.2378854626,0.4757709251,0.2863436123,Measured
ACAAG,0,0.2419700214,0.4582441113,0.2997858672,Measured
ACAAT,0,0.6119966443,0.2432885906,0.1447147651,Measured
ACACA,0,0.25,0.4810606061,0.2689393939,Measured
ACACC,0,0.286540172,0.4252890602,0.2881707679,Measured
ACACG,0,0.2869022869,0.4253044253,0.2877932878,Inferred
ACACT,0,0.2627118644,0.4830508475,0.2542372881,Measured
ACAGA,0,0.203125,0.5204326923,0.2764423077,Measured
ACAGC,0,0.1770920211,0.4840144565,0.3388935224,Measured
ACAGG,0,0.2795031056,0.5776397516,0.1428571429,Measured
ACAGT,0,0.2,0.4173913043,0.3826086957,Measured
ACATA,0,0.2839898348,0.3392630241,0.376747141,Measured
ACATC,0,0.1912442396,0.4746543779,0.3341013825,Measured
ACATG,0,0.2587039813,0.4512743628,0.2900216558,Inferred
ACATT,0,0.2587039813,0.4512743628,0.2900216558,Inferred
ACCAA,0.1905499613,0,0.3555383424,0.4539116964,Measured
ACCAC,0.3018867925,0,0.1808176101,0.5172955975,Measured
ACCAG,0.2044963251,0,0.2775616083,0.5179420666,Measured
ACCAT,0.2345679012,0,0.2136752137,0.5517568851,Measured
ACCCA,0.2996529632,0,0.2189001602,0.4814468767,Inferred
ACCCC,0.2996529632,0,0.2189001602,0.4814468767,Inferred
ACCCG,0.2996529632,0,0.2189001602,0.4814468767,Inferred
ACCCT,0.2718596059,0,0.3023399015,0.4258004926,Measured
ACCGA,0.1258741259,0,0.5244755245,0.3496503497,Measured
ACCGC,0.1609756098,0,0.2447154472,0.5943089431,Measured
ACCGG,0.2931034483,0,0.1293103448,0.5775862069,Measured
ACCGT,0.2692897292,0,0.1527848748,0.577925396,Measured
ACCTA,0.1364190012,0,0.3702801462,0.4933008526,Measured
ACCTC,0.1392978482,0,0.3782559456,0.4824462061,Measured
ACCTG,0.1595441595,0,0.3703703704,0.4700854701,Measured
ACCTT,0.2082009818,0,0.3896910193,0.4021079988,Measured
ACGAA,0.4286220961,0.4520305019,0,0.119347402,Inferred
ACGAC,0.428520752,0.4521106775,0,0.1193685704,Inferred
ACGAG,0.4906914894,0.3550531915,0,0.1542553191,Measured
ACGAT,0.4534883721,0.4505813953,0,0.0959302326,Measured
ACGCA,0.6415548952,0.2182957192,0,0.1401493856,Inferred
ACGCC,0.6416064257,0.218313253,0,0.1400803213,Inferred
ACGCG,0.6416064257,0.218313253,0,0.1400803213,Inferred
ACGCT,0.6408530652,0.2189425884,0,0.1402043464,Measured
ACGGA,0.5247191011,0.2825842697,0,0.1926966292,Inferred
ACGGC,0.5083969466,0.2770992366,0,0.2145038168,Measured
ACGGG,0.5247191011,0.2825842697,0,0.1926966292,Inferred
ACGGT,0.5869853918,0.2257636122,0,0.187250996,Measured
ACGTA,0.4820441989,0.3360957643,0,0.1818600368,Measured
ACGTC,0.4571226081,0.4075124026,0,0.1353649894,Measured
ACGTG,0.4639910814,0.3790412486,0,0.15696767,Inferred
ACGTT,0.4639910814,0.3790412486,0,0.15696767,Inferred
ACTAA,0.2914396887,0.5420233463,0.166536965,0,Inferred
ACTAC,0.2914396887,0.5420233463,0.166536965,0,Inferred
ACTAG,0.2427983539,0.5445816187,0.2126200274,0,Measured
ACTAT,0.2564102564,0.4615384615,0.2820512821,0,Measured
ACTCA,0.1047538915,0.6558687421,0.2393773664,0,Inferred
ACTCC,0.2962962963,0.6296296296,0.0740740741,0,Measured
ACTCG,0.1047538915,0.6558687421,0.2393773664,0,Inferred
ACTCT,0.1047538915,0.6558687421,0.2393773664,0,Inferred
ACTGA,0.2328767123,0.5068493151,0.2602739726,0,Measured
ACTGC,0.2224409449,0.3011811024,0.4763779528,0,Measured
ACTGG,0.176,0.44,0.384,0,Measured
ACTGT,0.2648648649,0.5513513514,0.1837837838,0,Measured
ACTTA,0.0726962457,0.8640500569,0.0632536974,0,Inferred
ACTTC,0.0726962457,0.8640500569,0.0632536974,0,Inferred
ACTTG,0.0726879763,0.8640655216,0.0632465021,0,Inferred
ACTTT,0.1223021583,0.8273381295,0.0503597122,0,Measured
AGAAA,0,0.3658136483,0.5282152231,0.1059711286,Inferred
AGAAC,0,0.3658136483,0.5282152231,0.1059711286,Inferred
AGAAG,0,0.3658136483,0.5282152231,0.1059711286,Inferred
AGAAT,0,0.3658136483,0.5282152231,0.1059711286,Inferred
AGACA,0,0.3110465116,0.5778423773,0.1111111111,Inferred
AGACC,0,0.3110465116,0.5778423773,0.1111111111,Inferred
AGACG,0,0.3110465116,0.5778423773,0.1111111111,Inferred
AGACT,0,0.3110465116,0.5778423773,0.1111111111,Inferred
AGAGA,0,0.3610915079,0.5201129146,0.1187955775,Inferred
AGAGC,0,0.3610915079,0.5201129146,0.1187955775,Inferred
AGAGG,0,0.3610915079,0.5201129146,0.1187955775,Inferred
AGAGT,0,0.3610915079,0.5201129146,0.1187955775,Inferred
AGATA,0,0.3116256158,0.5567487685,0.1316256158,Inferred
AGATC,0,0.3116256158,0.5567487685,0.1316256158,Inferred
AGATG,0,0.3116256158,0.5567487685,0.1316256158,Inferred
AGATT,0,0.3116256158,0.5567487685,0.1316256158,Inferred
AGCAA,0.7385535414,0,0.1235283125,0.1379181461,Inferred
AGCAC,0.7385535414,0,0.1235283125,0.1379181461,Inferred
AGCAG,0.7385535414,0,0.1235283125,0.1379181461,Inferred
AGCAT,0.7385535414,0,0.1235283125,0.1379181461,Inferred
AGCCA,0.2213100735,0,0.2420044467,0.5366854797,Inferred
AGCCC,0.2213100735,0,0.2420044467,0.5366854797,Inferred
AGCCG,0.2213100735,0,0.2420044467,0.5366854797,Inferred
AGCCT,0.2213100735,0,0.2420044467,0.5366854797,Inferred
AGCGA,0.2301587302,0,0.123015873,0.6468253968,Inferred
AGCGC,0.2301587302,0,0.123015873,0.6468253968,Inferred
AGCGG,0.2301587302,0,0.123015873,0.6468253968,Inferred
AGCGT,0.2301587302,0,0.123015873,0.6468253968,Inferred
AGCTA,0.1546977858,0,0.3662477558,0.4790544584,Inferred
AGCTC,0.1546977858,0,0.3662477558,0.4790544584,Inferred
AGCTG,0.1546977858,0,0.3662477558,0.4790544584,Inferred
AGCTT,0.1546977858,0,0.3662477558,0.4790544584,Inferred
AGGAA,0.6413942655,0.248895671,0,0.1097100634,Inferred
AGGAC,0.6413942655,0.248895671,0,0.1097100634,Inferred
AGGAG,0.6413942655,0.248895671,0,0.1097100634,Inferred
AGGAT,0.6413942655,0.248895671,0,0.1097100634,Inferred
AGGCA,0.6073967818,0.2762255208,0,0.1163776974,Inferred
AGGCC,0.6073967818,0.2762255208,0,0.1163776974,Inferred
AGGCG,0.6073967818,0.2762255208,0,0.1163776974,Inferred
AGGCT,0.6073967818,0.2762255208,0,0.1163776974,Inferred
AGGGA,0.6932707355,0.1439749609,0,0.1627543036,Inferred
AGGGC,0.6932707355,0.1439749609,0,0.1627543036,Inferred
AGGGG,0.6932707355,0.1439749609,0,0.1627543036,Inferred
AGGGT,0.6932707355,0.1439749609,0,0.1627543036,Inferred
AGGTA,0.5455422955,0.3524921025,0,0.101965602,Inferred
AGGTC,0.5455422955,0.3524921025,0,0.101965602,Inferred
AGGTG,0.5455422955,0.3524921025,0,0.101965602,Inferred
AGGTT,0.5455422955,0.3524921025,0,0.101965602,Inferred
AGTAA,0.3369749372,0.4220365718,0.240988491,0,Inferred
AGTAC,0.3369749372,0.4220365718,0.240988491,0,Inferred
AGTAG,0.3369749372,0.4220365718,0.240988491,0,Inferred
AGTAT,0.3369749372,0.4220365718,0.240988491,0,Inferred
AGTCA,0.1455938697,0.5727969349,0.2816091954,0,Inferred
AGTCC,0.1455938697,0.5727969349,0.2816091954,0,Inferred
AGTCG,0.1455938697,0.5727969349,0.2816091954,0,Inferred
AGTCT,0.1455938697,0.5727969349,0.2816091954,0,Inferred
AGTGA,0.3104364326,0.430170778,0.2593927894,0,Inferred
AGTGC,0.3104364326,0.430170778,0.2593927894,0,Inferred
AGTGG,0.3104364326,0.430170778,0.2593927894,0,Inferred
AGTGT,0.3104364326,0.430170778,0.2593927894,0,Inferred
AGTTA,0.2179028133,0.5468030691,0.2352941176,0,Inferred
AGTTC,0.2179028133,0.5468030691,0.2352941176,0,Inferred
AGTTG,0.2179028133,0.5468030691,0.2352941176,0,Inferred
AGTTT,0.2179028133,0.5468030691,0.2352941176,0,Inferred
ATAAA,0,0.2532391048,0.593639576,0.1531213192,Inferred
ATAAC,0,0.2532391048,0.593639576,0.1531213192,Inferred
ATAAG,0,0.2532391048,0.593639576,0.1531213192,Inferred
ATAAT,0,0.2532391048,0.593639576,0.1531213192,Inferred
ATACA,0,0.2050484094,0.5204011065,0.2745504841,Inferred
ATACC,0,0.2050484094,0.5204011065,0.2745504841,Inferred
ATACG,0,0.2050484094,0.5204011065,0.2745504841,Inferred
ATACT,0,0.2050484094,0.5204011065,0.2745504841,Inferred
ATAGA,0,0.1751797898,0.5646321224,0.2601880878,Inferred
ATAGC,0,0.1751797898,0.5646321224,0.2601880878,Inferred
ATAGG,0,0.1751797898,0.5646321224,0.2601880878,Inferred
ATAGT,0,0.1751797898,0.5646321224,0.2601880878,Inferred
ATATA,0,0.3206693804,0.3197648123,0.3595658073,Inferred
ATATC,0,0.3206693804,0.3197648123,0.3595658073,Inferred
ATATG,0,0.3206693804,0.3197648123,0.3595658073,Inferred
ATATT,0,0.3206693804,0.3197648123,0.3595658073,Inferred
ATCAA,0.2618733509,0,0.3441072999,0.3940193492,Inferred
ATCAC,0.2618733509,0,0.3441072999,0.3940193492,Inferred
ATCAG,0.2618733509,0,0.3441072999,0.3940193492,Inferred
ATCAT,0.2618733509,0,0.3441072999,0.3940193492,Inferred
ATCCA,0.2336448598,0,0.376635514,0.3897196262,Inferred
ATCCC,0.2336448598,0,0.376635514,0.3897196262,Inferred
ATCCG,0.2336448598,0,0.376635514,0.3897196262,Inferred
ATCCT,0.2336448598,0,0.376635514,0.3897196262,Inferred
ATCGA,0.1578947368,0,0.3157894737,0.5263157895,Inferred
ATCGC,0.1578947368,0,0.3157894737,0.5263157895,Inferred
ATCGG,0.1578947368,0,0.3157894737,0.5263157895,Inferred
ATCGT,0.1578947368,0,0.3157894737,0.5263157895,Inferred
ATCTA,0.1088589653,0,0.488022679,0.4031183558,Inferred
ATCTC,0.1088589653,0,0.488022679,0.4031183558,Inferred
ATCTG,0.1088589653,0,0.488022679,0.4031183558,Inferred
ATCTT,0.1088589653,0,0.488022679,0.4031183558,Inferred
ATGAA,0.4734263098,0.3318884282,0,0.194685262,Inferred
ATGAC,0.4734263098,0.3318884282,0,0.194685262,Inferred
ATGAG,0.4734263098,0.3318884282,0,0.194685262,Inferred
ATGAT,0.4734263098,0.3318884282,0,0.194685262,Inferred
ATGCA,0.592302943,0.2615764561,0,0.1461206009,Inferred
ATGCC,0.592302943,0.2615764561,0,0.1461206009,Inferred
ATGCG,0.592302943,0.2615764561,0,0.1461206009,Inferred
ATGCT,0.592302943,0.2615764561,0,0.1461206009,Inferred
ATGGA,0.5873160832,0.2013191273,0,0.2113647894,Inferred
ATGGC,0.5873160832,0.2013191273,0,0.2113647894,Inferred
ATGGG,0.5873160832,0.2013191273,0,0.2113647894,Inferred
ATGGT,0.5873160832,0.2013191273,0,0.2113647894,Inferred
ATGTA,0.372632989,0.4120273589,0,0.2153396521,Inferred
ATGTC,0.372632989,0.4120273589,0,0.2153396521,Inferred
ATGTG,0.372632989,0.4120273589,0,0.2153396521,Inferred
ATGTT,0.372632989,0.4120273589,0,0.2153396521,Inferred
ATTAA,0.2118441971,0.5117249603,0.2764308426,0,Inferred
ATTAC,0.2118441971,0.5117249603,0.2764308426,0,Inferred
ATTAG,0.2118441971,0.5117249603,0.2764308426,0,Inferred
ATTAT,0.2118441971,0.5117249603,0.2764308426,0,Inferred
ATTCA,0.0964912281,0.4166666667,0.4868421053,0,Inferred
ATTCC,0.0964912281,0.4166666667,0.4868421053,0,Inferred
ATTCG,0.0964912281,0.4166666667,0.4868421053,0,Inferred
ATTCT,0.0964912281,0.4166666667,0.4868421053,0,Inferred
ATTGA,0.2102473498,0.4935217903,0.2962308598,0,Inferred
ATTGC,0.2102473498,0.4935217903,0.2962308598,0,Inferred
ATTGG,0.2102473498,0.4935217903,0.2962308598,0,Inferred
ATTGT,0.2102473498,0.4935217903,0.2962308598,0,Inferred
ATTTA,0.0733067729,0.7091633466,0.2175298805,0,Inferred
ATTTC,0.0733067729,0.7091633466,0.2175298805,0,Inferred
ATTTG,0.0733067729,0.7091633466,0.2175298805,0,Inferred
ATTTT,0.0733067729,0.7091633466,0.2175298805,0,Inferred
CAAAA,0,0.2482269504,0.609929078,0.1418439716,Inferred
CAAAC,0,0.3186813187,0.3406593407,0.3406593407,Inferred
CAAAG,0,0.4337854229,0.4084243026,0.1577902746,Inferred
CAAAT,0,0.5694444444,0.375,0.0555555556,Inferred
CAACA,0,0.3413028413,0.5627165627,0.095980596,Inferred
CAACC,0,0.3146433041,0.5361702128,0.1491864831,Inferred
CAACG,0,0.4244434932,0.4304366438,0.145119863,Inferred
CAACT,0,0.3521233761,0.4955557244,0.1523208995,Inferred
CAAGA,0,0.5939849624,0.2481203008,0.1578947368,Inferred
CAAGC,0,0.339360129,0.4317784648,0.2288614061,Inferred
CAAGG,0,0.4872582686,0.3471895897,0.1655521417,Inferred
CAAGT,0,0.402044293,0.4889267462,0.1090289608,Inferred
CAATA,0,0.3318671964,0.4788592509,0.1892735528,Inferred
CAATC,0,0.2598522167,0.474137931,0.2660098522,Inferred
CAATG,0,0.3889495012,0.4699189526,0.1411315461,Inferred
CAATT,0,0.3953209358,0.5278944211,0.0767846431,Inferred
CACAA,0.0981308411,0,0.5992990654,0.3025700935,Inferred
CACAC,0.3175965665,0,0.2775393419,0.4048640916,Inferred
CACAG,0.1388888889,0,0.5208333333,0.3402777778,Inferred
CACAT,0.1527272727,0,0.44,0.4072727273,Inferred
CACCA,0.1608695652,0,0.2782608696,0.5608695652,Inferred
CACCC,0.4333333333,0,0.1666666667,0.4,Inferred
CACCG,0.1923932834,0,0.2886910783,0.5189156383,Inferred
CACCT,0.1363636364,0,0.2727272727,0.5909090909,Inferred
CACGA,0.1639685476,0,0.3422756707,0.4937557817,Inferred
CACGC,0.1829988194,0,0.373081464,0.4439197166,Inferred
CACGG,0.5238095238,0,0.1904761905,0.2857142857,Inferred
CACGT,0.2552301255,0,0.160251046,0.5845188285,Inferred
CACTA,0.1501416431,0,0.2450424929,0.604815864,Inferred
CACTC,0.0942380183,0,0.5331179321,0.3726440495,Inferred
CACTG,0.1734234234,0,0.3783783784,0.4481981982,Inferred
CACTT,0.1820634402,0,0.4077011118,0.410235448,Inferred
CAGAA,0.5575804575,0.2392400155,0,0.2031795269,Inferred
CAGAC,0.5517241379,0.1896551724,0,0.2586206897,Inferred
CAGAG,0.445029856,0.4101393279,0,0.1448308161,Inferred
CAGAT,0.4389312977,0.3854961832,0,0.1755725191,Inferred
CAGCA,0.5947316213,0.2774165105,0,0.1278518682,Inferred
CAGCC,0.5782586814,0.2914947157,0,0.1302466029,Inferred
CAGCG,0.5195651032,0.3401439151,0,0.1402909817,Inferred
CAGCT,0.6082584765,0.2635754962,0,0.1281660273,Inferred
CAGGA,0.6228497241,0.1626095424,0,0.2145407335,Inferred
CAGGC,0.5666560611,0.2270654364,0,0.2062785025,Inferred
CAGGG,0.6428571429,0.2142857143,0,0.1428571429,Inferred
CAGGT,0.5959349593,0.2135501355,0,0.1905149051,Inferred
CAGTA,0.4874474148,0.3224318089,0,0.1901207762,Inferred
CAGTC,0.3937106918,0.4591194969,0,0.1471698113,Inferred
CAGTG,0.4604350078,0.3825996893,0,0.156965303,Inferred
CAGTT,0.4637989779,0.4548551959,0,0.0813458262,Inferred
CATAA,0.3369829684,0.3941605839,0.2688564477,0,Inferred
CATAC,0.269047619,0.4146825397,0.3162698413,0,Inferred
CATAG,0.2057142857,0.5933333333,0.200952381,0,Inferred
CATAT,0.223922114,0.6073249884,0.1687528975,0,Inferred
CATCA,0.1321428571,0.5303571429,0.3375,0,Inferred
CATCC,0.1591075884,0.5968002348,0.2440921767,0,Inferred
CATCG,0.0986715682,0.2442977692,0.6570306625,0,Inferred
CATCT,0.2157687254,0.56478318,0.2194480946,0,Inferred
CATGA,0.2295409182,0.4191616766,0.3512974052,0,Inferred
CATGC,0.1964980545,0.5622568093,0.2412451362,0,Inferred
CATGG,0.0860600194,0.19196515,0.7219748306,0,Inferred
CATGT,0.3256637168,0.4761061947,0.1982300885,0,Inferred
CATTA,0.1882444835,0.5862136302,0.2255418864,0,Inferred
CATTC,0.039020658,0.8561591431,0.1048201989,0,Inferred
CATTG,0.0910231282,0.2965111721,0.6124656997,0,Inferred
CATTT,0.1823246878,0.6658981748,0.1517771374,0,Inferred
CCAAA,0,0.4292435758,0.3787549765,0.1920014477,Inferred
CCAAC,0,0.3186813187,0.3406593407,0.3406593407,Measured
CCAAG,0,0.4292435758,0.3787549765,0.1920014477,Inferred
CCAAT,0,0.4292435758,0.3787549765,0.1920014477,Inferred
CCACA,0,0.2869022869,0.4253044253,0.2877932878,Inferred
CCACC,0,0.2867298578,0.425799763,0.2874703791,Measured
CCACG,0,0.2869022869,0.4253044253,0.2877932878,Inferred
CCACT,0,0.2869022869,0.4253044253,0.2877932878,Inferred
CCAGA,0,0.6168224299,0.2897196262,0.0934579439,Measured
CCAGC,0,0.3028247084,0.4285840983,0.2685911933,Inferred
CCAGG,0,0.4872582686,0.3471895897,0.1655521417,Measured
CCAGT,0,0.3028112806,0.428565094,0.2686236254,Inferred
CCATA,0,0.2587039813,0.4512743628,0.2900216558,Inferred
CCATC,0,0.2598522167,0.474137931,0.2660098522,Measured
CCATG,0,0.2587039813,0.4512743628,0.2900216558,Inferred
CCATT,0,0.2587039813,0.4512743628,0.2900216558,Inferred
CCCAA,0.2099274819,0,0.26987997,0.5201925481,Inferred
CCCAC,0.358490566,0,0.2924528302,0.3490566038,Measured
CCCAG,0.2099274819,0,0.26987997,0.5201925481,Inferred
CCCAT,0.2099274819,0,0.26987997,0.5201925481,Inferred
CCCCA,0.2996529632,0,0.2189001602,0.4814468767,Inferred
CCCCC,0.4333333333,0,0.1666666667,0.4,Measured
CCCCG,0.2996529632,0,0.2189001602,0.4814468767,Inferred
CCCCT,0.2996529632,0,0.2189001602,0.4814468767,Inferred
CCCGA,0.2462917685,0,0.1792991035,0.574409128,Inferred
CCCGC,0.2465753425,0,0.1790606654,0.5743639922,Inferred
CCCGG,0.5432098765,0,0.1604938272,0.2962962963,Measured
CCCGT,0.2467828637,0,0.1795080632,0.5737090731,Measured
CCCTA,0.1816272558,0,0.3714219042,0.4469508401,Inferred
CCCTC,0.1115789474,0,0.4189473684,0.4694736842,Measured
CCCTG,0.1846590909,0,0.3494318182,0.4659090909,Measured
CCCTT,0.1816272558,0,0.3714219042,0.4469508401,Inferred
CCGAA,0.428520752,0.4521106775,0,0.1193685704,Inferred
CCGAC,0.428520752,0.4521106775,0,0.1193685704,Inferred
CCGAG,0.428520752,0.4521106775,0,0.1193685704,Inferred
CCGAT,0.428520752,0.4521106775,0,0.1193685704,Inferred
CCGCA,0.6416064257,0.218313253,0,0.1400803213,Inferred
CCGCC,0.6416064257,0.218313253,0,0.1400803213,Inferred
CCGCG,0.6416064257,0.218313253,0,0.1400803213,Inferred
CCGCT,0.6416064257,0.218313253,0,0.1400803213,Inferred
CCGGA,0.5247191011,0.2825842697,0,0.1926966292,Inferred
CCGGC,0.5247191011,0.2825842697,0,0.1926966292,Inferred
CCGGG,0.524929972,0.2820728291,0,0.1929971989,Measured
CCGGT,0.5247191011,0.2825842697,0,0.1926966292,Inferred
CCGTA,0.4639910814,0.3790412486,0,0.15696767,Inferred
CCGTC,0.3489795918,0.5224489796,0,0.1285714286,Measured
CCGTG,0.4639910814,0.3790412486,0,0.15696767,Inferred
CCGTT,0.4639910814,0.3790412486,0,0.15696767,Inferred
CCTAA,0.3369829684,0.3941605839,0.2688564477,0,Measured
CCTAC,0.3174603175,0.4603174603,0.2222222222,0,Measured
CCTAG,0.2021857923,0.6352459016,0.162568306,0,Measured
CCTAT,0.2350272232,0.6324863884,0.1324863884,0,Measured
CCTCA,0.1047538915,0.6558687421,0.2393773664,0,Inferred
CCTCC,0.1047538915,0.6558687421,0.2393773664,0,Inferred
CCTCG,0.1047538915,0.6558687421,0.2393773664,0,Inferred
CCTCT,0.1047538915,0.6558687421,0.2393773664,0,Inferred
CCTGA,0.2909090909,0.5090909091,0.2,0,Measured
CCTGC,0.1803931224,0.3737945751,0.4458123025,0,Measured
CCTGG,0.0800040254,0.1789272416,0.741068733,0,Measured
CCTGT,0.3167938931,0.4790076336,0.2041984733,0,Measured
CCTTA,0.0726962457,0.8640500569,0.0632536974,0,Inferred
CCTTC,0.039020658,0.8561591431,0.1048201989,0,Measured
CCTTG,0.0726962457,0.8640500569,0.0632536974,0,Inferred
CCTTT,0.0726631794,0.8641118945,0.0632249261,0,Inferred
CGAAA,0,0.3658136483,0.5282152231,0.1059711286,Inferred
CGAAC,0,0.3658136483,0.5282152231,0.1059711286,Inferred
CGAAG,0,0.3658136483,0.5282152231,0.1059711286,Inferred
CGAAT,0,0.5694444444,0.375,0.0555555556,Measured
CGACA,0,0.3412305516,0.5640028289,0.0947666195,Measured
CGACC,0,0.3110465116,0.5778423773,0.1111111111,Inferred
CGACG,0,0.3110465116,0.5778423773,0.1111111111,Inferred
CGACT,0,0.3110465116,0.5778423773,0.1111111111,Inferred
CGAGA,0,0.3610915079,0.5201129146,0.1187955775,Inferred
CGAGC,0,0.3610915079,0.5201129146,0.1187955775,Inferred
CGAGG,0,0.3610915079,0.5201129146,0.1187955775,Inferred
CGAGT,0,0.4043778802,0.4902073733,0.1054147465,Measured
CGATA,0,0.3116256158,0.5567487685,0.1316256158,Inferred
CGATC,0,0.3116256158,0.5567487685,0.1316256158,Inferred
CGATG,0,0.3116256158,0.5567487685,0.1316256158,Inferred
CGATT,0,0.3953209358,0.5278944211,0.0767846431,Measured
CGCAA,0.7385535414,0,0.1235283125,0.1379181461,Inferred
CGCAC,0.7385535414,0,0.1235283125,0.1379181461,Inferred
CGCAG,0.7385535414,0,0.1235283125,0.1379181461,Inferred
CGCAT,0.0898876404,0,0.404494382,0.5056179775,Measured
CGCCA,0.1642335766,0,0.2687043796,0.5670620438,Measured
CGCCC,0.2213100735,0,0.2420044467,0.5366854797,Inferred
CGCCG,0.2213100735,0,0.2420044467,0.5366854797,Inferred
CGCCT,0.1363636364,0,0.2727272727,0.5909090909,Measured
CGCGA,0.2301587302,0,0.123015873,0.6468253968,Inferred
CGCGC,0.2301587302,0,0.123015873,0.6468253968,Inferred
CGCGG,0.2301587302,0,0.123015873,0.6468253968,Inferred
CGCGT,0.2301587302,0,0.123015873,0.6468253968,Inferred
CGCTA,0.1501416431,0,0.2450424929,0.604815864,Measured
CGCTC,0.1546977858,0,0.3662477558,0.4790544584,Inferred
CGCTG,0.1546977858,0,0.3662477558,0.4790544584,Inferred
CGCTT,0.1546977858,0,0.3662477558,0.4790544584,Inferred
CGGAA,0.6413942655,0.248895671,0,0.1097100634,Inferred
CGGAC,0.6413942655,0.248895671,0,0.1097100634,Inferred
CGGAG,0.6413942655,0.248895671,0,0.1097100634,Inferred
CGGAT,0.4389312977,0.3854961832,0,0.1755725191,Measured
CGGCA,0.5847750865,0.3010380623,0,0.1141868512,Measured
CGGCC,0.607394476,0.2762641062,0,0.1163414178,Inferred
CGGCG,0.6073967818,0.2762255208,0,0.1163776974,Inferred
CGGCT,0.6073967818,0.2762255208,0,0.1163776974,Inferred
CGGGA,0.6932707355,0.1439749609,0,0.1627543036,Inferred
CGGGC,0.6932707355,0.1439749609,0,0.1627543036,Inferred
CGGGG,0.6932707355,0.1439749609,0,0.1627543036,Inferred
CGGGT,0.6932707355,0.1439749609,0,0.1627543036,Inferred
CGGTA,0.5455422955,0.3524921025,0,0.101965602,Inferred
CGGTC,0.4583333333,0.4166666667,0,0.125,Measured
CGGTG,0.5455422955,0.3524921025,0,0.101965602,Inferred
CGGTT,0.4363361852,0.4982385506,0,0.0654252642,Measured
CGTAA,0.3369749372,0.4220365718,0.240988491,0,Inferred
CGTAC,0.156424581,0.6648044693,0.1787709497,0,Measured
CGTAG,0.3369749372,0.4220365718,0.240988491,0,Inferred
CGTAT,0.211,0.586,0.203,0,Measured
CGTCA,0.1435079727,0.5740318907,0.2824601367,0,Measured
CGTCC,0.1455938697,0.5727969349,0.2816091954,0,Inferred
CGTCG,0.1455938697,0.5727969349,0.2816091954,0,Inferred
CGTCT,0.1455938697,0.5727969349,0.2816091954,0,Inferred
CGTGA,0.3104364326,0.430170778,0.2593927894,0,Inferred
CGTGC,0.3104364326,0.430170778,0.2593927894,0,Inferred
CGTGG,0.2829581994,0.4951768489,0.2218649518,0,Measured
CGTGT,0.5161290323,0.3225806452,0.1612903226,0,Measured
CGTTA,0.2179028133,0.5468030691,0.2352941176,0,Inferred
CGTTC,0.2179028133,0.5468030691,0.2352941176,0,Inferred
CGTTG,0.2179028133,0.5468030691,0.2352941176,0,Inferred
CGTTT,0.2179028133,0.5468030691,0.2352941176,0,Inferred
CTAAA,0,0.2482269504,0.609929078,0.1418439716,Measured
CTAAC,0,0.2532391048,0.593639576,0.1531213192,Inferred
CTAAG,0,0.2532391048,0.593639576,0.1531213192,Inferred
CTAAT,0,0.2532391048,0.593639576,0.1531213192,Inferred
CTACA,0,0.3448275862,0.5,0.1551724138,Measured
CTACC,0,0.2050484094,0.5204011065,0.2745504841,Inferred
CTACG,0,0.2050484094,0.5204011065,0.2745504841,Inferred
CTACT,0,0.2050484094,0.5204011065,0.2745504841,Inferred
CTAGA,0,0.5,0.0769230769,0.4230769231,Measured
CTAGC,0,0.1751797898,0.5646321224,0.2601880878,Inferred
CTAGG,0,0.1751797898,0.5646321224,0.2601880878,Inferred
CTAGT,0,0.25,0.4166666667,0.3333333333,Measured
CTATA,0,0.3206693804,0.3197648123,0.3595658073,Inferred
CTATC,0,0.3206693804,0.3197648123,0.3595658073,Inferred
CTATG,0,0.3206693804,0.3197648123,0.3595658073,Inferred
CTATT,0,0.3206693804,0.3197648123,0.3595658073,Inferred
CTCAA,0.0981308411,0,0.5992990654,0.3025700935,Measured
CTCAC,0.3102866779,0,0.2748735245,0.4148397976,Measured
CTCAG,0.1388888889,0,0.5208333333,0.3402777778,Measured
CTCAT,0.1827956989,0,0.4569892473,0.3602150538,Measured
CTCCA,0.0925925926,0,0.4722222222,0.4351851852,Measured
CTCCC,0.2336448598,0,0.376635514,0.3897196262,Inferred
CTCCG,0.2336448598,0,0.376635514,0.3897196262,Inferred
CTCCT,0.2336448598,0,0.376635514,0.3897196262,Inferred
CTCGA,0.1578947368,0,0.3157894737,0.5263157895,Inferred
CTCGC,0.1578947368,0,0.3157894737,0.5263157895,Inferred
CTCGG,0.1363636364,0,0.4090909091,0.4545454545,Inferred
CTCGT,0.1578947368,0,0.3157894737,0.5263157895,Inferred
CTCTA,0.1088589653,0,0.488022679,0.4031183558,Inferred
CTCTC,0.0882778582,0,0.5723589001,0.3393632417,Measured
CTCTG,0.1304347826,0,0.4891304348,0.3804347826,Measured
CTCTT,0.1088589653,0,0.488022679,0.4031183558,Inferred
CTGAA,0.5575804575,0.2392400155,0,0.2031795269,Measured
CTGAC,0.5517241379,0.1896551724,0,0.2586206897,Measured
CTGAG,0.445029856,0.4101393279,0,0.1448308161,Measured
CTGAT,0.4734263098,0.3318884282,0,0.194685262,Inferred
CTGCA,0.5966177242,0.2729417934,0,0.1304404824,Measured
CTGCC,0.592302943,0.2615764561,0,0.1461206009,Inferred
CTGCG,0.592302943,0.2615764561,0,0.1461206009,Inferred
CTGCT,0.592302943,0.2615764561,0,0.1461206009,Inferred
CTGGA,0.6228497241,0.1626095424,0,0.2145407335,Measured
CTGGC,0.5872387908,0.2012578616,0,0.2115033475,Inferred
CTGGG,0.5874607515,0.2014585232,0,0.2110807252,Measured
CTGGT,0.5959349593,0.2135501355,0,0.1905149051,Measured
CTGTA,0.4874474148,0.3224318089,0,0.1901207762,Measured
CTGTC,0.4661921708,0.3523131673,0,0.1814946619,Measured
CTGTG,0.372632989,0.4120273589,0,0.2153396521,Inferred
CTGTT,0.6149584488,0.216066482,0,0.1689750693,Measured
CTTAA,0.2118441971,0.5117249603,0.2764308426,0,Inferred
CTTAC,0.2741635688,0.3898698885,0.3359665428,0,Measured
CTTAG,0.213836478,0.4968553459,0.2893081761,0,Measured
CTTAT,0.2363636364,0.4909090909,0.2727272727,0,Measured
CTTCA,0.0909090909,0.3719008264,0.5371900826,0,Measured
CTTCC,0.0964912281,0.4166666667,0.4868421053,0,Inferred
CTTCG,0.0964912281,0.4166666667,0.4868421053,0,Inferred
CTTCT,0.0964912281,0.4166666667,0.4868421053,0,Inferred
CTTGA,0.2259767687,0.413938754,0.3600844773,0,Measured
CTTGC,0.195959596,0.5656565657,0.2383838384,0,Measured
CTTGG,0.0731707317,0.6219512195,0.3048780488,0,Measured
CTTGT,0.2101873536,0.4953161593,0.2944964871,0,Measured
CTTTA,0.0733067729,0.7091633466,0.2175298805,0,Inferred
CTTTC,0.0733067729,0.7091633466,0.2175298805,0,Inferred
CTTTG,0.0733067729,0.7091633466,0.2175298805,0,Inferred
CTTTT,0.0733067729,0.7091633466,0.2175298805,0,Inferred
GAAAA,0,0.2615384615,0.5827692308,0.1556923077,Inferred
GAAAC,0,0.3562289562,0.5286195286,0.1151515152,Inferred
GAAAG,0,0.3827729157,0.5168125288,0.1004145555,Inferred
GAAAT,0,0.3343419062,0.532526475,0.1331316188,Inferred
GAACA,0,0.2381343406,0.5206109378,0.2412547216,Inferred
GAACC,0,0.1534090909,0.4886363636,0.3579545455,Inferred
GAACG,0,0.2982689747,0.5193075899,0.1824234354,Inferred
GAACT,0,0.3288770053,0.4923605806,0.1787624141,Inferred
GAAGA,0,0.1730982616,0.5657748736,0.2611268648,Inferred
GAAGC,0,0.1827880512,0.5355618777,0.2816500711,Inferred
GAAGG,0,0.321297989,0.5287934186,0.1499085923,Inferred
GAAGT,0,0.2702593193,0.3549432739,0.3747974068,Inferred
GAATA,0,0.3255043662,0.3983739837,0.2761216501,Inferred
GAATC,0,0.2089552239,0.4843962008,0.3066485753,Inferred
GAATG,0,0.2429432287,0.6228988265,0.1341579448,Inferred
GAATT,0,0.2771988328,0.5156315131,0.207169654,Inferred
GACAA,0.3028037383,0,0.3981308411,0.2990654206,Inferred
GACAC,0.6834084901,0,0.1191105582,0.1974809516,Inferred
GACAG,0.258812616,0,0.306122449,0.4350649351,Inferred
GACAT,0.476744186,0,0.25,0.273255814,Inferred
GACCA,0.2871328093,0,0.2378982209,0.4749689698,Inferred
GACCC,0.324137931,0,0.3011494253,0.3747126437,Inferred
GACCG,0.2086153846,0,0.2566153846,0.5347692308,Inferred
GACCT,0.3708609272,0,0.233995585,0.3951434879,Inferred
GACGA,0.3948717949,0,0.2564102564,0.3487179487,Inferred
GACGC,0.4736842105,0,0.2105263158,0.3157894737,Inferred
GACGG,0.2476355916,0,0.2704111175,0.4819532909,Inferred
GACGT,0.3337363966,0,0.1354292624,0.530834341,Inferred
GACTA,0.1192624559,0,0.4986269125,0.3821106316,Inferred
GACTC,0.1307776963,0,0.451027146,0.4181951577,Inferred
GACTG,0.1563636364,0,0.3918181818,0.4518181818,Inferred
GACTT,0.1671415005,0,0.4444444444,0.3884140551,Inferred
GAGAA,0.612007063,0.1905826957,0,0.1974102413,Inferred
GAGAC,0.50692354,0.3196869356,0,0.1733895244,Inferred
GAGAG,0.493804108,0.3999320998,0,0.1062637922,Inferred
GAGAT,0.6458777,0.2455126255,0,0.1086096745,Inferred
GAGCA,0.6019677996,0.1171735242,0,0.2808586762,Inferred
GAGCC,0.5940703518,0.2685929648,0,0.1373366834,Inferred
GAGCG,0.4841954023,0.3218390805,0,0.1939655172,Inferred
GAGCT,0.6187670945,0.2725296304,0,0.1087032751,Inferred
GAGGA,0.6417056682,0.1942277691,0,0.1640665627,Inferred
GAGGC,0.4183006536,0.2287581699,0,0.3529411765,Inferred
GAGGG,0.6242038217,0.1732484076,0,0.2025477707,Inferred
GAGGT,0.5576652602,0.2018284107,0,0.2405063291,Inferred
GAGTA,0.372334551,0.4203975873,0,0.2072678617,Inferred
GAGTC,0.6119402985,0.239800995,0,0.1482587065,Inferred
GAGTG,0.3406113537,0.3056768559,0,0.3537117904,Inferred
GAGTT,0.6381891201,0.2917123038,0,0.0700985761,Inferred
GATAA,0.3737147966,0.3656683058,0.2606168976,0,Inferred
GATAC,0.3796296296,0.3632478632,0.2571225071,0,Inferred
GATAG,0.3335016835,0.4230639731,0.2434343434,0,Inferred
GATAT,0.2938842655,0.5068705245,0.19924521,0,Inferred
GATCA,0.1028037383,0.4672897196,0.4299065421,0,Inferred
GATCC,0.0912466844,0.6891246684,0.2196286472,0,Inferred
GATCG,0.0689655172,0.724137931,0.2068965517,0,Inferred
GATCT,0.2368421053,0.4736842105,0.2894736842,0,Inferred
GATGA,0.2802547771,0.4331210191,0.2866242038,0,Inferred
GATGC,0.3793103448,0.442831216,0.1778584392,0,Inferred
GATGG,0.3066339066,0.4538083538,0.2395577396,0,Inferred
GATGT,0.3588463672,0.4420410427,0.1991125901,0,Inferred
GATTA,0.2406181015,0.5835172921,0.1758646063,0,Inferred
GATTC,0.0747066943,0.821773637,0.1035196687,0,Inferred
GATTG,0.0793650794,0.8253968254,0.0952380952,0,Inferred
GATTT,0.2060252672,0.628765792,0.1652089407,0,Inferred
GCAAA,0,0.2163461538,0.5801282051,0.203525641,Measured
GCAAC,0,0.3186813187,0.4725274725,0.2087912088,Measured
GCAAG,0,0.2748091603,0.5610687023,0.1641221374,Measured
GCAAT,0,0.4292435758,0.3787549765,0.1920014477,Inferred
GCACA,0,0.2535519126,0.4721311475,0.2743169399,Measured
GCACC,0,0.1534090909,0.4886363636,0.3579545455,Measured
GCACG,0,0.3181818182,0.4854545455,0.1963636364,Measured
GCACT,0,0.4113636364,0.2943181818,0.2943181818,Measured
GCAGA,0,0.1783655476,0.5493387589,0.2722956935,Measured
GCAGC,0,0.1822429907,0.5202492212,0.2975077882,Measured
GCAGG,0,0.1296296296,0.5925925926,0.2777777778,Measured
GCAGT,0,0.2502502503,0.3228228228,0.4269269269,Measured
GCATA,0,0.1603375527,0.5611814346,0.2784810127,Measured
GCATC,0,0.2144927536,0.431884058,0.3536231884,Measured
GCATG,0,0.2587039813,0.4512743628,0.2900216558,Inferred
GCATT,0,0.2586608927,0.4513657562,0.2899733511,Inferred
GCCAA,0.3097826087,0,0.3423913043,0.347826087,Measured
GCCAC,0.5149253731,0,0.1567164179,0.328358209,Measured
GCCAG,0.2100331105,0,0.2698819267,0.5200849628,Measured
GCCAT,0.4476744186,0,0.1686046512,0.3837209302,Measured
GCCCA,0.3003194888,0,0.2187167199,0.4809637913,Measured
GCCCC,0.4671814672,0,0.1891891892,0.3436293436,Measured
GCCCG,0.2996529632,0,0.2189001602,0.4814468767,Inferred
GCCCT,0.6964285714,0,0.0892857143,0.2142857143,Measured
GCCGA,0.3969072165,0,0.2577319588,0.3453608247,Measured
GCCGC,0.4615384615,0,0.2087912088,0.3296703297,Measured
GCCGG,0.2467384214,0,0.1788975864,0.5743639922,Inferred
GCCGT,0.385840708,0,0.1398230088,0.4743362832,Measured
GCCTA,0.1238195173,0,0.5120671563,0.3641133263,Measured
GCCTC,0.2015677492,0,0.5139977604,0.2844344905,Measured
GCCTG,0.1816026737,0,0.3715218405,0.4468754858,Measured
GCCTT,0.2676056338,0,0.1971830986,0.5352112676,Measured
GCGAA,0.5426829268,0.3638211382,0,0.093495935,Measured
GCGAC,0.4282423813,0.4523387668,0,0.1194188519,Inferred
GCGAG,0.350812795,0.513896172,0,0.135291033,Measured
GCGAT,0.428520752,0.4521106775,0,0.1193685704,Inferred
GCGCA,0.6416064257,0.218313253,0,0.1400803213,Inferred
GCGCC,0.6416064257,0.218313253,0,0.1400803213,Inferred
GCGCG,0.6416064257,0.218313253,0,0.1400803213,Inferred
GCGCT,0.7708333333,0.1458333333,0,0.0833333333,Measured
GCGGA,0.579481398,0.2412626832,0,0.1792559188,Measured
GCGGC,0.5238362311,0.2829500841,0,0.1932136848,Inferred
GCGGG,0.5247191011,0.2825842697,0,0.1926966292,Inferred
GCGGT,0.5247191011,0.2825842697,0,0.1926966292,Inferred
GCGTA,0.6016260163,0.2357723577,0,0.162601626,Measured
GCGTC,0.4982698962,0.3806228374,0,0.1211072664,Measured
GCGTG,0.4639910814,0.3790412486,0,0.15696767,Inferred
GCGTT,0.4639910814,0.3790412486,0,0.15696767,Inferred
GCTAA,0.2592592593,0.5703703704,0.1703703704,0,Measured
GCTAC,0.2857142857,0.5918367347,0.1224489796,0,Measured
GCTAG,0.2313432836,0.6268656716,0.1417910448,0,Measured
GCTAT,0.358372457,0.5199530516,0.1216744914,0,Measured
GCTCA,0.1047538915,0.6558687421,0.2393773664,0,Inferred
GCTCC,0.0903155604,0.690968444,0.2187159956,0,Measured
GCTCG,0.0689655172,0.724137931,0.2068965517,0,Measured
GCTCT,0.1055065153,0.6553173602,0.2391761244,0,Inferred
GCTGA,0.2800511509,0.5025575448,0.2173913043,0,Measured
GCTGC,0.3724770642,0.447706422,0.1798165138,0,Measured
GCTGG,0.2428571429,0.6857142857,0.0714285714,0,Measured
GCTGT,0.3554817276,0.4471760797,0.1973421927,0,Measured
GCTTA,0.2719298246,0.5877192982,0.1403508772,0,Measured
GCTTC,0.0523917995,0.9063528221,0.0412553784,0,Measured
GCTTG,0.0793650794,0.8253968254,0.0952380952,0,Measured
GCTTT,0.2261380323,0.6784140969,0.0954478708,0,Measured
GGAAA,0,0.3130434783,0.5895652174,0.0973913043,Measured
GGAAC,0,0.3574157694,0.5303924974,0.1121917332,Measured
GGAAG,0,0.3975903614,0.5107386066,0.091671032,Measured
GGAAT,0,0.3343419062,0.532526475,0.1331316188,Measured
GGACA,0,0.2892223738,0.5750341064,0.1357435198,Measured
GGACC,0,0.3110465116,0.5778423773,0.1111111111,Inferred
GGACG,0,0.2375,0.6875,0.075,Measured
GGACT,0,0.2871116226,0.5926352129,0.1202531646,Measured
GGAGA,0,0.3610915079,0.5201129146,0.1187955775,Inferred
GGAGC,0,0.1885245902,0.6967213115,0.1147540984,Measured
GGAGG,0,0.3343733749,0.5429017161,0.122724909,Measured
GGAGT,0,0.3553191489,0.4914893617,0.1531914894,Measured
GGATA,0,0.3272727273,0.5462450593,0.1264822134,Measured
GGATC,0,0.3116256158,0.5567487685,0.1316256158,Inferred
GGATG,0,0.2429432287,0.6228988265,0.1341579448,Measured
GGATT,0,0.2773144287,0.5154295246,0.2072560467,Measured
GGCAA,0.2625482625,0,0.4362934363,0.3011583012,Measured
GGCAC,0.9227154047,0,0.0365535248,0.0407310705,Measured
GGCAG,0.2547452547,0,0.3146853147,0.4305694306,Measured
GGCAT,0.5058139535,0,0.3313953488,0.1627906977,Measured
GGCCA,0.3021255061,0,0.1649797571,0.5328947368,Measured
GGCCC,0.1136363636,0,0.4659090909,0.4204545455,Measured
GGCCG,0.188077246,0,0.2770780856,0.5348446683,Measured
GGCCT,0.3103448276,0,0.2827586207,0.4068965517,Measured
GGCGA,0.2301587302,0,0.123015873,0.6468253968,Inferred
GGCGC,0.23828125,0,0.125,0.63671875,Inferred
GGCGG,0.2301587302,0,0.123015873,0.6468253968,Inferred
GGCGT,0.2217741935,0,0.1209677419,0.6572580645,Measured
GGCTA,0.1749622926,0,0.3876319759,0.4374057315,Measured
GGCTC,0.1186131387,0,0.3357664234,0.545620438,Measured
GGCTG,0.1663113006,0,0.3646055437,0.4690831557,Measured
GGCTT,0.1589958159,0,0.4592050209,0.3817991632,Measured
GGGAA,0.7076997345,0.1609944485,0,0.131305817,Measured
GGGAC,0.6789473684,0.2284210526,0,0.0926315789,Measured
GGGAG,0.5699658703,0.343134681,0,0.0868994487,Measured
GGGAT,0.6458777,0.2455126255,0,0.1086096745,Measured
GGGCA,0.2415458937,0.0338164251,0,0.7246376812,Measured
GGGCC,0.6073589024,0.2762706579,0,0.1163704397,Inferred
GGGCG,0.4651162791,0.4728682171,0,0.0620155039,Measured
GGGCT,0.6177220569,0.2735514945,0,0.1087264485,Measured
GGGGA,0.7096774194,0.1392473118,0,0.1510752688,Measured
GGGGC,0.4248366013,0.2614379085,0,0.3137254902,Measured
GGGGG,0.7127071823,0.1270718232,0,0.1602209945,Measured
GGGGT,0.6932707355,0.1439749609,0,0.1627543036,Inferred
GGGTA,0.5261382799,0.3519392917,0,0.1219224283,Measured
GGGTC,0.6578212291,0.1829608939,0,0.1592178771,Measured
GGGTG,0.5455422955,0.3524921025,0,0.101965602,Inferred
GGGTT,0.6381891201,0.2917123038,0,0.0700985761,Measured
GGTAA,0.3810656518,0.3525214082,0.2664129401,0,Measured
GGTAC,0.4416126043,0.3007414272,0.2576459685,0,Measured
GGTAG,0.3359751895,0.4181598897,0.2458649207,0,Measured
GGTAT,0.3106911815,0.4599931903,0.2293156282,0,Measured
GGTCA,0.1455938697,0.5727969349,0.2816091954,0,Inferred
GGTCC,0.1276595745,0.6170212766,0.2553191489,0,Measured
GGTCG,0.1455938697,0.5727969349,0.2816091954,0,Inferred
GGTCT,0.1944444444,0.5,0.3055555556,0,Measured
GGTGA,0.2818877551,0.3609693878,0.3571428571,0,Measured
GGTGC,0.3112206217,0.429681577,0.2590978014,0,Inferred
GGTGG,0.3106770833,0.4416666667,0.24765625,0,Measured
GGTGT,0.3758389262,0.4161073826,0.2080536913,0,Measured
GGTTA,0.2445652174,0.5869565217,0.1684782609,0,Measured
GGTTC,0.2081513828,0.500727802,0.2911208151,0,Measured
GGTTG,0.2179028133,0.5468030691,0.2352941176,0,Inferred
GGTTT,0.1666666667,0.5316091954,0.3017241379,0,Measured
GTAAA,0,0.2582159624,0.5774647887,0.1643192488,Measured
GTAAC,0,0.2532391048,0.593639576,0.1531213192,Inferred
GTAAG,0,0.2532391048,0.593639576,0.1531213192,Inferred
GTAAT,0,0.2532391048,0.593639576,0.1531213192,Inferred
GTACA,0,0.201217329,0.5238095238,0.2749731472,Measured
GTACC,0,0.2050484094,0.5204011065,0.2745504841,Inferred
GTACG,0,0.2682926829,0.3170731707,0.4146341463,Measured
GTACT,0,0.2050484094,0.5204011065,0.2745504841,Inferred
GTAGA,0,0.1700891127,0.5751646649,0.2547462224,Measured
GTAGC,0,0.1751797898,0.5646321224,0.2601880878,Inferred
GTAGG,0,0.2511848341,0.3838862559,0.36492891,Measured
GTAGT,0,0.1751797898,0.5646321224,0.2601880878,Inferred
GTATA,0,0.3457943925,0.2743265531,0.3798790544,Measured
GTATC,0,0.2040816327,0.5306122449,0.2653061224,Measured
GTATG,0,0.3206693804,0.3197648123,0.3595658073,Inferred
GTATT,0,0.3206693804,0.3197648123,0.3595658073,Inferred
GTCAA,0.402173913,0,0.402173913,0.1956521739,Measured
GTCAC,0.3210376976,0,0.2452371301,0.4337251723,Measured
GTCAG,0.303030303,0,0.1818181818,0.5151515152,Measured
GTCAT,0.2618733509,0,0.3441072999,0.3940193492,Inferred
GTCCA,0.2042755344,0,0.5843230404,0.2114014252,Measured
GTCCC,0.2336448598,0,0.376635514,0.3897196262,Inferred
GTCCG,0.2649769585,0,0.2004608295,0.534562212,Measured
GTCCT,0.3644859813,0,0.1775700935,0.4579439252,Measured
GTCGA,0.15,0,0.3,0.55,Inferred
GTCGC,0.1578947368,0,0.3157894737,0.5263157895,Inferred
GTCGG,0.15,0,0.3,0.55,Inferred
GTCGT,0.1818181818,0,0.2727272727,0.5454545455,Measured
GTCTA,0.0750267953,0,0.563772776,0.3612004287,Measured
GTCTC,0.1166791324,0,0.452754924,0.4305659437,Measured
GTCTG,0.1489361702,0,0.4091653028,0.441898527,Measured
GTCTT,0.1923076923,0,0.5769230769,0.2307692308,Measured
GTGAA,0.518134715,0.2002590674,0,0.2816062176,Measured
GTGAC,0.2780141844,0.4397163121,0,0.2822695035,Measured
GTGAG,0.3942857143,0.3942857143,0,0.2114285714,Measured
GTGAT,0.4734263098,0.3318884282,0,0.194685262,Inferred
GTGCA,0.6838638858,0.1361141603,0,0.1800219539,Measured
GTGCC,0.592302943,0.2615764561,0,0.1461206009,Inferred
GTGCG,0.4885361552,0.2874779541,0,0.2239858907,Measured
GTGCT,0.6222222222,0.2222222222,0,0.1555555556,Measured
GTGGA,0.5768880801,0.2493175614,0,0.1737943585,Measured
GTGGC,0.4233333333,0.2066666667,0,0.37,Measured
GTGGG,0.4256198347,0.2768595041,0,0.2975206612,Measured
GTGGT,0.5576652602,0.2018284107,0,0.2405063291,Measured
GTGTA,0.3494187322,0.4308449709,0,0.2197362969,Measured
GTGTC,0.372632989,0.4120273589,0,0.2153396521,Inferred
GTGTG,0.3406113537,0.3056768559,0,0.3537117904,Measured
GTGTT,0.372632989,0.4120273589,0,0.2153396521,Inferred
GTTAA,0.2118441971,0.5117249603,0.2764308426,0,Inferred
GTTAC,0.1647254576,0.5690515807,0.2662229617,0,Measured
GTTAG,0.2117600318,0.5119189511,0.2763210171,0,Inferred
GTTAT,0.1554621849,0.6339285714,0.2106092437,0,Measured
GTTCA,0.1028037383,0.4672897196,0.4299065421,0,Measured
GTTCC,0.0964912281,0.4166666667,0.4868421053,0,Inferred
GTTCG,0.0964912281,0.4166666667,0.4868421053,0,Inferred
GTTCT,0.0964912281,0.4166666667,0.4868421053,0,Inferred
GTTGA,0.2097532315,0.4947121034,0.2955346651,0,Inferred
GTTGC,0.2102473498,0.4935217903,0.2962308598,0,Inferred
GTTGG,0.2375,0.64375,0.11875,0,Measured
GTTGT,0.2102473498,0.4935217903,0.2962308598,0,Inferred
GTTTA,0.0927835052,0.5360824742,0.3711340206,0,Measured
GTTTC,0.0716753022,0.7236614853,0.2046632124,0,Measured
GTTTG,0.0733067729,0.7091633466,0.2175298805,0,Inferred
GTTTT,0.0733067729,0.7091633466,0.2175298805,0,Inferred
TAAAA,0,0.2979452055,0.5308219178,0.1712328767,Inferred
TAAAC,0,0.3248492967,0.4931346283,0.182016075,Inferred
TAAAG,0,0.3814102564,0.4198717949,0.1987179487,Inferred
TAAAT,0,0.3954215409,0.3707139976,0.2338644615,Inferred
TAACA,0,0.1550802139,0.5828877005,0.2620320856,Inferred
TAACC,0,0.2759087394,0.4331013148,0.2909899459,Inferred
TAACG,0,0.3653846154,0.4871794872,0.1474358974,Inferred
TAACT,0,0.2915959253,0.3794567063,0.3289473684,Inferred
TAAGA,0,0.2422411264,0.5044294515,0.2533294221,Inferred
TAAGC,0,0.2802881467,0.450556647,0.2691552063,Inferred
TAAGG,0,0.4475308642,0.3456790123,0.2067901235,Inferred
TAAGT,0,0.340453243,0.4003646783,0.2591820787,Inferred
TAATA,0,0.2802231866,0.5164290143,0.2033477991,Inferred
TAATC,0,0.2983725136,0.4737793852,0.2278481013,Inferred
TAATG,0,0.2788414335,0.5527736868,0.1683848797,Inferred
TAATT,0,0.3259543068,0.4628210586,0.2112246346,Inferred
TACAA,0.1223045822,0,0.4868598383,0.3908355795,Inferred
TACAC,0.2167597765,0,0.2106145251,0.5726256983,Inferred
TACAG,0.1500732064,0,0.1054172767,0.7445095168,Inferred
TACAT,0.2544715447,0,0.1609756098,0.5845528455,Inferred
TACCA,0.219738652,0,0.2853335626,0.4949277854,Inferred
TACCC,0.0810810811,0,0.3783783784,0.5405405405,Inferred
TACCG,0.2602607436,0,0.1784645099,0.5612747465,Inferred
TACCT,0.3006500542,0,0.1508667389,0.5484832069,Inferred
TACGA,0.1554621849,0,0.3617265088,0.4828113063,Inferred
TACGC,0.0806451613,0,0.3225806452,0.5967741935,Inferred
TACGG,0.2592592593,0,0.1851851852,0.5555555556,Inferred
TACGT,0.2016383113,0,0.1279143037,0.670447385,Inferred
TACTA,0.067961165,0,0.4077669903,0.5242718447,Inferred
TACTC,0.1294480247,0,0.4010927431,0.4694592323,Inferred
TACTG,0.2859536442,0,0.1971516336,0.5168947221,Inferred
TACTT,0.2147435897,0,0.3814102564,0.4038461538,Inferred
TAGAA,0.131147541,0.5245901639,0,0.3442622951,Inferred
TAGAC,0.4974874372,0.3216080402,0,0.1809045226,Inferred
TAGAG,0.4653264357,0.403640888,0,0.1310326763,Inferred
TAGAT,0.5469701828,0.3382494389,0,0.1147803783,Inferred
TAGCA,0.5238095238,0.1904761905,0,0.2857142857,Inferred
TAGCC,0.5185185185,0.2592592593,0,0.2222222222,Inferred
TAGCG,0.489228631,0.318276581,0,0.192494788,Inferred
TAGCT,0.626449424,0.248797584,0,0.1247529921,Inferred
TAGGA,0.4459459459,0.4540540541,0,0.1,Inferred
TAGGC,0.4644970414,0.3055790363,0,0.2299239222,Inferred
TAGGG,0.5338504937,0.2813822285,0,0.1847672779,Inferred
TAGGT,0.3110047847,0.3971291866,0,0.2918660287,Inferred
TAGTA,0.3916463724,0.4047865165,0,0.2035671111,Inferred
TAGTC,0.4898785425,0.3677981937,0,0.1423232638,Inferred
TAGTG,0.3803921569,0.2980392157,0,0.3215686275,Inferred
TAGTT,0.5479607251,0.3682024169,0,0.083836858,Inferred
TATAA,0.3315789474,0.4421052632,0.2263157895,0,Inferred
TATAC,0.3181818182,0.5454545455,0.1363636364,0,Inferred
TATAG,0.1595744681,0.7872340426,0.0531914894,0,Inferred
TATAT,0.2685203316,0.532341231,0.1991384374,0,Inferred
TATCA,0.2252604167,0.5055338542,0.2692057292,0,Inferred
TATCC,0.0869122736,0.7645023407,0.1485853857,0,Inferred
TATCG,0.2067005684,0.5257253964,0.2675740353,0,Inferred
TATCT,0.1476091476,0.5218295218,0.3305613306,0,Inferred
TATGA,0.2807438512,0.4955008998,0.223755249,0,Inferred
TATGC,0.0879120879,0.7472527473,0.1648351648,0,Inferred
TATGG,0.2127589609,0.5210457086,0.2661953305,0,Inferred
TATGT,0.2030905077,0.5860927152,0.210816777,0,Inferred
TATTA,0.0746268657,0.671641791,0.2537313433,0,Inferred
TATTC,0.0470640968,0.9022859704,0.0506499328,0,Inferred
TATTG,0.1669398267,0.6270194334,0.2060407399,0,Inferred
TATTT,0.135317529,0.7177712407,0.1469112303,0,Inferred
TCAAA,0,0.2979452055,0.5308219178,0.1712328767,Measured
TCAAC,0,0.4292435758,0.3787549765,0.1920014477,Inferred
TCAAG,0,0.3814102564,0.4198717949,0.1987179487,Measured
TCAAT,0,0.4292435758,0.3787549765,0.1920014477,Inferred
TCACA,0,0.1550802139,0.5828877005,0.2620320856,Measured
TCACC,0,0.2869022869,0.4253044253,0.2877932878,Inferred
TCACG,0,0.3653846154,0.4871794872,0.1474358974,Measured
TCACT,0,0.2915959253,0.3794567063,0.3289473684,Measured
TCAGA,0,0.3028247084,0.4285840983,0.2685911933,Inferred
TCAGC,0,0.2802881467,0.450556647,0.2691552063,Measured
TCAGG,0,0.4475308642,0.3456790123,0.2067901235,Measured
TCAGT,0,0.340453243,0.4003646783,0.2591820787,Measured
TCATA,0,0.2802231866,0.5164290143,0.2033477991,Measured
TCATC,0,0.2983725136,0.4737793852,0.2278481013,Measured
TCATG,0,0.2587039813,0.4512743628,0.2900216558,Inferred
TCATT,0,0.2587039813,0.4512743628,0.2900216558,Inferred
TCCAA,0.1223045822,0,0.4868598383,0.3908355795,Measured
TCCAC,0.2167597765,0,0.2106145251,0.5726256983,Measured
TCCAG,0.1500732064,0,0.1054172767,0.7445095168,Measured
TCCAT,0.2544715447,0,0.1609756098,0.5845528455,Measured
TCCCA,0.2996529632,0,0.2189001602,0.4814468767,Inferred
TCCCC,0.0810810811,0,0.3783783784,0.5405405405,Measured
TCCCG,0.2996529632,0,0.2189001602,0.4814468767,Inferred
TCCCT,0.3006500542,0,0.1508667389,0.5484832069,Measured
TCCGA,0.2463343109,0,0.1793743891,0.5742913001,Measured
TCCGC,0.0806451613,0,0.3225806452,0.5967741935,Measured
TCCGG,0.2592592593,0,0.1851851852,0.5555555556,Measured
TCCGT,0.2016383113,0,0.1279143037,0.670447385,Measured
TCCTA,0.067961165,0,0.4077669903,0.5242718447,Measured
TCCTC,0.1294480247,0,0.4010927431,0.4694592323,Measured
TCCTG,0.2859536442,0,0.1971516336,0.5168947221,Measured
TCCTT,0.2147435897,0,0.3814102564,0.4038461538,Measured
TCGAA,0.131147541,0.5245901639,0,0.3442622951,Measured
TCGAC,0.428520752,0.4521106775,0,0.1193685704,Inferred
TCGAG,0.4292795185,0.4515843512,0,0.1191361303,Measured
TCGAT,0.428520752,0.4521106775,0,0.1193685704,Inferred
TCGCA,0.5238095238,0.1904761905,0,0.2857142857,Measured
TCGCC,0.6416064257,0.218313253,0,0.1400803213,Inferred
TCGCG,0.6416064257,0.218313253,0,0.1400803213,Inferred
TCGCT,0.6416064257,0.218313253,0,0.1400803213,Inferred
TCGGA,0.4459459459,0.4540540541,0,0.1,Measured
TCGGC,0.5247191011,0.2825842697,0,0.1926966292,Inferred
TCGGG,0.5253146853,0.2825174825,0,0.1921678322,Measured
TCGGT,0.3110047847,0.3971291866,0,0.2918660287,Measured
TCGTA,0.4639910814,0.3790412486,0,0.15696767,Inferred
TCGTC,0.4639910814,0.3790412486,0,0.15696767,Inferred
TCGTG,0.4639910814,0.3790412486,0,0.15696767,Inferred
TCGTT,0.4639910814,0.3790412486,0,0.15696767,Inferred
TCTAA,0.3315789474,0.4421052632,0.2263157895,0,Measured
TCTAC,0.3181818182,0.5454545455,0.1363636364,0,Measured
TCTAG,0.1595744681,0.7872340426,0.0531914894,0,Measured
TCTAT,0.2912457912,0.5423465423,0.1664076664,0,Measured
TCTCA,0.1047538915,0.6558687421,0.2393773664,0,Inferred
TCTCC,0.1047538915,0.6558687421,0.2393773664,0,Inferred
TCTCG,0.1047538915,0.6558687421,0.2393773664,0,Inferred
TCTCT,0.1476091476,0.5218295218,0.3305613306,0,Measured
TCTGA,0.2807438512,0.4955008998,0.223755249,0,Measured
TCTGC,0.0879120879,0.7472527473,0.1648351648,0,Measured
TCTGG,0.2127589609,0.5210457086,0.2661953305,0,Measured
TCTGT,0.2030905077,0.5860927152,0.210816777,0,Measured
TCTTA,0.0746268657,0.671641791,0.2537313433,0,Measured
TCTTC,0.0470640968,0.9022859704,0.0506499328,0,Measured
TCTTG,0.0726962457,0.8640500569,0.0632536974,0,Inferred
TCTTT,0.0728906072,0.8638844667,0.0632249261,0,Inferred
TGAAA,0,0.3658136483,0.5282152231,0.1059711286,Inferred
TGAAC,0,0.3658136483,0.5282152231,0.1059711286,Inferred
TGAAG,0,0.3658136483,0.5282152231,0.1059711286,Inferred
TGAAT,0,0.3658136483,0.5282152231,0.1059711286,Inferred
TGACA,0,0.3110465116,0.5778423773,0.1111111111,Inferred
TGACC,0,0.3110465116,0.5778423773,0.1111111111,Inferred
TGACG,0,0.3110465116,0.5778423773,0.1111111111,Inferred
TGACT,0,0.3110465116,0.5778423773,0.1111111111,Inferred
TGAGA,0,0.3610915079,0.5201129146,0.1187955775,Inferred
TGAGC,0,0.3610915079,0.5201129146,0.1187955775,Inferred
TGAGG,0,0.3610915079,0.5201129146,0.1187955775,Inferred
TGAGT,0,0.3610915079,0.5201129146,0.1187955775,Inferred
TGATA,0,0.3116256158,0.5567487685,0.1316256158,Inferred
TGATC,0,0.3116256158,0.5567487685,0.1316256158,Inferred
TGATG,0,0.3116256158,0.5567487685,0.1316256158,Inferred
TGATT,0,0.3116256158,0.5567487685,0.1316256158,Inferred
TGCAA,0.7385535414,0,0.1235283125,0.1379181461,Inferred
TGCAC,0.7385535414,0,0.1235283125,0.1379181461,Inferred
TGCAG,0.7385535414,0,0.1235283125,0.1379181461,Inferred
TGCAT,0.7385535414,0,0.1235283125,0.1379181461,Inferred
TGCCA,0.2213100735,0,0.2420044467,0.5366854797,Inferred
TGCCC,0.2213100735,0,0.2420044467,0.5366854797,Inferred
TGCCG,0.2213100735,0,0.2420044467,0.5366854797,Inferred
TGCCT,0.2213100735,0,0.2420044467,0.5366854797,Inferred
TGCGA,0.2301587302,0,0.123015873,0.6468253968,Inferred
TGCGC,0.2301587302,0,0.123015873,0.6468253968,Inferred
TGCGG,0.2301587302,0,0.123015873,0.6468253968,Inferred
TGCGT,0.2301587302,0,0.123015873,0.6468253968,Inferred
TGCTA,0.1546977858,0,0.3662477558,0.4790544584,Inferred
TGCTC,0.1546977858,0,0.3662477558,0.4790544584,Inferred
TGCTG,0.1546977858,0,0.3662477558,0.4790544584,Inferred
TGCTT,0.1546977858,0,0.3662477558,0.4790544584,Inferred
TGGAA,0.6413942655,0.248895671,0,0.1097100634,Inferred
TGGAC,0.6413942655,0.248895671,0,0.1097100634,Inferred
TGGAG,0.6413942655,0.248895671,0,0.1097100634,Inferred
TGGAT,0.6413942655,0.248895671,0,0.1097100634,Inferred
TGGCA,0.6073967818,0.2762255208,0,0.1163776974,Inferred
TGGCC,0.6073967818,0.2762255208,0,0.1163776974,Inferred
TGGCG,0.6073967818,0.2762255208,0,0.1163776974,Inferred
TGGCT,0.6073967818,0.2762255208,0,0.1163776974,Inferred
TGGGA,0.6932707355,0.1439749609,0,0.1627543036,Inferred
TGGGC,0.6932707355,0.1439749609,0,0.1627543036,Inferred
TGGGG,0.6932707355,0.1439749609,0,0.1627543036,Inferred
TGGGT,0.6932707355,0.1439749609,0,0.1627543036,Inferred
TGGTA,0.5455422955,0.3524921025,0,0.101965602,Inferred
TGGTC,0.5455422955,0.3524921025,0,0.101965602,Inferred
TGGTG,0.5455422955,0.3524921025,0,0.101965602,Inferred
TGGTT,0.5455422955,0.3524921025,0,0.101965602,Inferred
TGTAA,0.3369749372,0.4220365718,0.240988491,0,Inferred
TGTAC,0.3369749372,0.4220365718,0.240988491,0,Inferred
TGTAG,0.3369749372,0.4220365718,0.240988491,0,Inferred
TGTAT,0.3369749372,0.4220365718,0.240988491,0,Inferred
TGTCA,0.1455938697,0.5727969349,0.2816091954,0,Inferred
TGTCC,0.1455938697,0.5727969349,0.2816091954,0,Inferred
TGTCG,0.1455938697,0.5727969349,0.2816091954,0,Inferred
TGTCT,0.1455938697,0.5727969349,0.2816091954,0,Inferred
TGTGA,0.3104364326,0.430170778,0.2593927894,0,Inferred
TGTGC,0.3104364326,0.430170778,0.2593927894,0,Inferred
TGTGG,0.3104364326,0.430170778,0.2593927894,0,Inferred
TGTGT,0.3104364326,0.430170778,0.2593927894,0,Inferred
TGTTA,0.2179028133,0.5468030691,0.2352941176,0,Inferred
TGTTC,0.2179028133,0.5468030691,0.2352941176,0,Inferred
TGTTG,0.2179028133,0.5468030691,0.2352941176,0,Inferred
TGTTT,0.2179028133,0.5468030691,0.2352941176,0,Inferred
TTAAA,0,0.2532391048,0.593639576,0.1531213192,Inferred
TTAAC,0,0.2532391048,0.593639576,0.1531213192,Inferred
TTAAG,0,0.2532391048,0.593639576,0.1531213192,Inferred
TTAAT,0,0.2532391048,0.593639576,0.1531213192,Inferred
TTACA,0,0.2050484094,0.5204011065,0.2745504841,Inferred
TTACC,0,0.2050484094,0.5204011065,0.2745504841,Inferred
TTACG,0,0.2050484094,0.5204011065,0.2745504841,Inferred
TTACT,0,0.2050484094,0.5204011065,0.2745504841,Inferred
TTAGA,0,0.1751797898,0.5646321224,0.2601880878,Inferred
TTAGC,0,0.1751797898,0.5646321224,0.2601880878,Inferred
TTAGG,0,0.1751797898,0.5646321224,0.2601880878,Inferred
TTAGT,0,0.1751797898,0.5646321224,0.2601880878,Inferred
TTATA,0,0.3206693804,0.3197648123,0.3595658073,Inferred
TTATC,0,0.3206693804,0.3197648123,0.3595658073,Inferred
TTATG,0,0.3206693804,0.3197648123,0.3595658073,Inferred
TTATT,0,0.3206693804,0.3197648123,0.3595658073,Inferred
TTCAA,0.2618733509,0,0.3441072999,0.3940193492,Inferred
TTCAC,0.2618733509,0,0.3441072999,0.3940193492,Inferred
TTCAG,0.2618733509,0,0.3441072999,0.3940193492,Inferred
TTCAT,0.2618733509,0,0.3441072999,0.3940193492,Inferred
TTCCA,0.2336448598,0,0.376635514,0.3897196262,Inferred
TTCCC,0.2336448598,0,0.376635514,0.3897196262,Inferred
TTCCG,0.2336448598,0,0.376635514,0.3897196262,Inferred
TTCCT,0.2336448598,0,0.376635514,0.3897196262,Inferred
TTCGA,0.1578947368,0,0.3157894737,0.5263157895,Inferred
TTCGC,0.1578947368,0,0.3157894737,0.5263157895,Inferred
TTCGG,0.1578947368,0,0.3157894737,0.5263157895,Inferred
TTCGT,0.1578947368,0,0.3157894737,0.5263157895,Inferred
TTCTA,0.1088589653,0,0.488022679,0.4031183558,Inferred
TTCTC,0.1088589653,0,0.488022679,0.4031183558,Inferred
TTCTG,0.1088589653,0,0.488022679,0.4031183558,Inferred
TTCTT,0.1088589653,0,0.488022679,0.4031183558,Inferred
TTGAA,0.4734263098,0.3318884282,0,0.194685262,Inferred
TTGAC,0.4734263098,0.3318884282,0,0.194685262,Inferred
TTGAG,0.4734263098,0.3318884282,0,0.194685262,Inferred
TTGAT,0.4734263098,0.3318884282,0,0.194685262,Inferred
TTGCA,0.592302943,0.2615764561,0,0.1461206009,Inferred
TTGCC,0.592302943,0.2615764561,0,0.1461206009,Inferred
TTGCG,0.592302943,0.2615764561,0,0.1461206009,Inferred
TTGCT,0.592302943,0.2615764561,0,0.1461206009,Inferred
TTGGA,0.5873160832,0.2013191273,0,0.2113647894,Inferred
TTGGC,0.5873160832,0.2013191273,0,0.2113647894,Inferred
TTGGG,0.5873160832,0.2013191273,0,0.2113647894,Inferred
TTGGT,0.5873160832,0.2013191273,0,0.2113647894,Inferred
TTGTA,0.372632989,0.4120273589,0,0.2153396521,Inferred
TTGTC,0.372632989,0.4120273589,0,0.2153396521,Inferred
TTGTG,0.372632989,0.4120273589,0,0.2153396521,Inferred
TTGTT,0.372632989,0.4120273589,0,0.2153396521,Inferred
TTTAA,0.2118441971,0.5117249603,0.2764308426,0,Inferred
TTTAC,0.2118441971,0.5117249603,0.2764308426,0,Inferred
TTTAG,0.2118441971,0.5117249603,0.2764308426,0,Inferred
TTTAT,0.2118441971,0.5117249603,0.2764308426,0,Inferred
TTTCA,0.0964912281,0.4166666667,0.4868421053,0,Inferred
TTTCC,0.0964912281,0.4166666667,0.4868421053,0,Inferred
TTTCG,0.0964912281,0.4166666667,0.4868421053,0,Inferred
TTTCT,0.0964912281,0.4166666667,0.4868421053,0,Inferred
TTTGA,0.2102473498,0.4935217903,0.2962308598,0,Inferred
TTTGC,0.2102473498,0.4935217903,0.2962308598,0,Inferred
TTTGG,0.2102473498,0.4935217903,0.2962308598,0,Inferred
TTTGT,0.2102473498,0.4935217903,0.2962308598,0,Inferred
TTTTA,0.0733067729,0.7091633466,0.2175298805,0,Inferred
TTTTC,0.0733067729,0.7091633466,0.2175298805,0,Inferred
TTTTG,0.0733067729,0.7091633466,0.2175298805,0,Inferred
TTTTT,0.0733067729,0.7091633466,0.2175298805,0,Inferred
