Fivemer,Mutability,Source,lower25,upper25
TCGGG,0.0250144523,Measured,0.1188626765,0.0544760826
GCCGG,0.0362888192,Measured,0.0165064202,0.058306376
GCCGC,0.0582586814,Measured,0.0306241307,0.089481592
CCCGC,0.0623151321,Measured,0.0197007526,0.1087677227
CCGGG,0.0627625532,Measured,0.060505996,0.0688848799
GGGGC,0.0634527827,Measured,0.0431958991,0.0876179494
AGGTC,0.06345293,Measured,0.0477358742,0.083078278
GCCGA,0.0696285233,Measured,0.0350950111,0.1084507045
CTGAC,0.0766843505,Measured,0.0560479203,0.1020440433
CAGGG,0.0801581022,Measured,0.0679621849,0.0972912429
CAGAC,0.0805308305,Measured,0.0532783078,0.1127435343
ATGGG,0.0828673085,Inferred,0.0637252094,0.1078401127
CCCCC,0.0830714932,Measured,0.0538189449,0.117440711
CCCGT,0.083642048,Measured,0.0466252176,0.1258106904
CCCGG,0.0882416581,Measured,0.0550959948,0.1268224398
GAGGG,0.0891733497,Inferred,0.0504206012,0.134387419
GCCAA,0.0901190198,Measured,0.0657066196,0.1200821718
CCCTA,0.0911872337,Inferred,0.0547614832,0.1332295311
GCCAT,0.0937040517,Measured,0.0638796727,0.1292999973
CAGGC,0.0945887871,Measured,0.079603079,0.1154005559
GCCCT,0.097294671,Measured,0.0279424851,0.1726395827
GCCCC,0.0983114131,Measured,0.0562759954,0.1464021812
GTCCG,0.098770713,Measured,0.0741138564,0.12951121
TTGGG,0.1033600867,Inferred,0.0888830734,0.1242034162
GTCGA,0.1051589036,Measured,0.0687319832,0.1480629358
GACGA,0.1058588511,Measured,0.0880081926,0.1302297336
GCCGT,0.1060624596,Measured,0.0643698291,0.1542878551
AAGGG,0.1069855652,Measured,0.1006314561,0.1199292966
CCCTT,0.1113928355,Inferred,0.064381851,0.165264902
AAGGC,0.1119998202,Measured,0.0905120845,0.1403860242
AGGAG,0.1139108775,Measured,0.0752925554,0.1595453767
TCGGC,0.114128521,Inferred,0.090332661,0.1449539635
CCGGC,0.1206417656,Inferred,0.0939091884,0.1548050993
GCGGG,0.1222955703,Inferred,0.0864498162,0.1656739447
AGGGG,0.1252408748,Inferred,0.0855510531,0.1732260183
GCCTC,0.1264667087,Measured,0.1101459687,0.1505769843
GCCCG,0.1280092753,Inferred,0.0929636676,0.1709394308
GACTG,0.1298460842,Measured,0.095302467,0.1723873847
GTCAG,0.1316025311,Measured,0.0935198147,0.1777911165
GGCAA,0.1327246072,Measured,0.1012469184,0.1723772778
ACGGC,0.1343814779,Measured,0.1210594771,0.1559805131
GAGGC,0.1343814779,Inferred,0.1210594771,0.1559805131
CGGGG,0.1368420801,Inferred,0.1030542444,0.1800273236
TTGGC,0.1378270143,Inferred,0.0668741079,0.2341049017
CCCAC,0.1386658371,Measured,0.0985665061,0.1873060915
GCCCA,0.1394836779,Measured,0.1351538124,0.1524048404
TGGGG,0.1416350974,Inferred,0.1056773443,0.1863166611
GTCAA,0.1432194379,Measured,0.0765339516,0.2187263201
GGCCC,0.1459616572,Measured,0.1317730414,0.1691405719
GCCAC,0.1463445683,Measured,0.0755643235,0.2261386968
ATGGC,0.1475845912,Inferred,0.0409329927,0.2913859903
CTGTC,0.1476266419,Measured,0.1236939143,0.1806522208
TGCGA,0.1480104563,Measured,0.1035891671,0.2015482373
GACAG,0.1482307055,Measured,0.08979135,0.2158001186
CTGGC,0.1486365711,Inferred,0.0636918652,0.2637809881
GTCCT,0.1489821838,Measured,0.1095558971,0.1975848143
CACGG,0.1497013102,Measured,0.0334048609,0.2752183971
GGCCT,0.1540302193,Measured,0.1259048533,0.1916428557
CTCAC,0.1562221386,Measured,0.128427071,0.1936394848
GTCAC,0.1569090606,Measured,0.1257364847,0.197746225
AAGTC,0.1581742667,Measured,0.1261945088,0.1998965416
GCGAC,0.1582053893,Measured,0.0453669419,0.2807882708
ATGAC,0.1603850982,Inferred,0.0969956936,0.2336531929
AAGCC,0.1613039473,Measured,0.1469795403,0.1855636396
CCGCC,0.1613039473,Inferred,0.1469795403,0.1855636396
CTGCC,0.1613039473,Inferred,0.1469795403,0.1855636396
GACGG,0.1618044266,Measured,0.1566424587,0.1769325061
GACAA,0.162327615,Measured,0.1472542312,0.1873993355
TGGGC,0.1624309966,Inferred,0.0878388444,0.2638635767
GGCCA,0.1634674236,Measured,0.1439288023,0.1930745864
GGGGG,0.1635341261,Measured,0.1264326568,0.2107082454
CTTGT,0.164961404,Measured,0.4872979769,0.3743298621
TAGGC,0.1672547896,Inferred,0.0780687394,0.2877873131
AGACT,0.1675601784,Measured,0.1411472664,0.2042937192
TGGAC,0.1691495944,Inferred,0.103461659,0.2452560565
CCCAA,0.1693117159,Inferred,0.1260342627,0.2230176814
GGGTC,0.1699303832,Measured,0.1604866476,0.189840737
TAGGG,0.1711414864,Inferred,0.1215564343,0.2312677529
ACCGT,0.1729096911,Measured,0.1463270139,0.2101424926
TCGAG,0.1737829015,Measured,0.0215028377,0.3367668739
TCCGG,0.1740349714,Measured,0.1209322802,0.2378570971
ACGGG,0.1754903737,Inferred,0.1234204816,0.2383693436
GGCAT,0.1757672164,Measured,0.1391877246,0.2231728377
ACGAC,0.1770369832,Inferred,0.1406387105,0.224339595
CCCAG,0.1775485101,Inferred,0.118297517,0.2477353491
CCCCA,0.1785774399,Inferred,0.1334921896,0.2346619115
GAGAC,0.1788267229,Measured,0.1142759043,0.2543921169
CGGGC,0.179391549,Inferred,0.0898977858,0.3009793318
TTGAC,0.1796135818,Inferred,0.0861438915,0.284146313
CTGGG,0.1797430436,Measured,0.0907558076,0.2798012945
TGCAG,0.1798569387,Inferred,0.1167914791,0.2540004284
TCGCA,0.1806923472,Measured,0.0397423124,0.332771868
GGCGT,0.1810607377,Measured,0.1455351424,0.2277385093
GGCGC,0.1817733369,Measured,0.177185408,0.1975573338
GCCTT,0.1846237837,Measured,0.1389927925,0.2416264121
CCCGA,0.1846700572,Measured,0.0947270564,0.2859875452
GTCTT,0.1851644158,Measured,0.0853598551,0.414314956
GGCTG,0.1858013547,Measured,0.1586741487,0.2243727286
CCCAT,0.1861497174,Inferred,0.1340512358,0.2497138238
GTGGC,0.1864726939,Measured,0.1480195815,0.2364113244
GGGCC,0.1874502694,Inferred,0.1689593726,0.2174868966
TGGCC,0.1874502694,Inferred,0.1689593726,0.2174868966
AGGGC,0.1885912283,Inferred,0.0758742202,0.340983782
CCCCG,0.1886673789,Inferred,0.1272470292,0.2617084252
TCGAC,0.1887608591,Inferred,0.1188677324,0.2702804402
TCGGA,0.1890501491,Measured,0.1384616275,0.2512829434
CCAGA,0.1909151799,Measured,0.1635911135,0.2299983929
CTCCA,0.1910049952,Measured,0.1600339155,0.2337407536
GCTGA,0.1919286715,Measured,0.1584598705,0.2372190437
TTGAT,0.1924272173,Measured,0.0933130527,0.3033936604
ACCGG,0.194801402,Measured,0.1339859751,0.2676153418
CCCCT,0.1954154414,Inferred,0.1415091627,0.2613580539
GTCCA,0.1954502257,Measured,0.0735230397,0.329415888
AAGAC,0.1954847114,Measured,0.0472710802,0.3557389429
CACCC,0.2042971921,Measured,0.1078419801,0.3133357966
TAGAC,0.2049378277,Inferred,0.1325231553,0.2899753516
ACTGA,0.2057792787,Measured,0.1558424557,0.2683907812
GCCTG,0.2064277731,Measured,0.1900195426,0.2355506261
TTGGA,0.2088401525,Measured,0.080700824,0.3498426906
TGCGC,0.2117034211,Measured,0.1299937911,0.3064526195
AGGCC,0.2135965915,Inferred,0.190939205,0.2494101537
CAGCC,0.2135965915,Measured,0.190939205,0.2494101537
CGGAC,0.2144205964,Inferred,0.1278609314,0.3141871904
CGGTC,0.2153538537,Measured,0.1347853212,0.3091867979
GTCTG,0.2160840116,Measured,0.1719530313,0.2735243765
GGGAC,0.2239774501,Measured,0.1750616205,0.2866888494
CCCTG,0.224556144,Measured,0.2043490531,0.2585944484
GTCGT,0.2256043535,Measured,0.1013816252,0.3637228584
GGCGG,0.2325555759,Measured,0.041819505,0.4376155739
CCGAC,0.2328221666,Inferred,0.1445495798,0.3354351007
ACCGA,0.2332019965,Measured,0.1815681682,0.2991995672
TTGAA,0.236964524,Measured,0.1245852379,0.3639393
GTCTC,0.2385321938,Measured,0.2164114271,0.2753450088
AGGAC,0.2406563865,Measured,0.0816094945,0.4145261634
GGCCG,0.2425496128,Measured,0.2045596206,0.2954791004
TCGGT,0.2512265132,Measured,0.1033580415,0.4145689216
CACGT,0.2527473387,Measured,0.2085009906,0.3125612965
CCTGC,0.2538484082,Measured,0.1057666202,0.4175656248
GGCAG,0.2551630761,Measured,0.227622918,0.2984196379
TAGTC,0.2574416036,Inferred,0.2061989082,0.3245410452
GCAGC,0.2622576367,Measured,0.2351248206,0.3055438357
GCGAG,0.2649345785,Measured,0.2446249795,0.3015624427
AGTTA,0.2659361722,Measured,0.2367822802,0.3114700212
GGTTG,0.2659361722,Inferred,0.2367822802,0.3114700212
CTTGA,0.265976412,Measured,0.2139174596,0.3344178
ACTCC,0.2662381154,Measured,0.1699846453,0.3788901402
GCTCT,0.2662381154,Inferred,0.1699846453,0.3788901402
CTCGG,0.2691040826,Inferred,0.2296591884,0.3251240567
GGCTC,0.2717914971,Measured,0.2463546703,0.3139689312
ACCAT,0.2723347598,Measured,0.2483483202,0.3130952683
CTCTC,0.2725906566,Measured,0.2500887018,0.3118824419
GTGAA,0.2729554001,Measured,0.2598584002,0.3028646963
CCGTC,0.2745928752,Measured,0.2384708385,0.3276280662
CTCTA,0.2751321886,Inferred,0.2247304958,0.3424802539
CTCTT,0.2757731635,Inferred,0.2379746163,0.3305575631
AGATC,0.2767120864,Measured,0.2398992725,0.3305685842
GCCTA,0.2768756814,Measured,0.2522946602,0.3185104629
GTGGG,0.2785262228,Measured,0.208531277,0.3656765917
AGGCA,0.281719254,Measured,0.1418280011,0.4389626002
GCGGC,0.2847122038,Measured,0.0850575817,0.6711394657
TCCGC,0.2867730782,Measured,0.1724032932,0.4188062395
GCCAG,0.2868216327,Measured,0.0945438539,0.7549705532
CTCCG,0.2886288544,Inferred,0.2470655066,0.3479698825
GGCTT,0.2889441122,Measured,0.2426427604,0.3530425621
CTCGT,0.2896158374,Inferred,0.25102745,0.346042697
TCCAG,0.2897032653,Measured,0.0156579843,0.5815924033
AGGCG,0.2903367874,Inferred,0.2733908055,0.3251656471
GTGCG,0.2903367874,Measured,0.2733908055,0.3251656471
TCGTC,0.2906579158,Inferred,0.2451520301,0.354066459
CTCGA,0.2919997873,Inferred,0.2456915444,0.3562933382
AAGAG,0.2941414948,Measured,0.2402209796,0.3661792335
GCTCA,0.294281828,Inferred,0.2326760011,0.3740135218
ACTGT,0.297539218,Measured,0.2482273353,0.3651776019
AGAAT,0.3012677452,Measured,0.2696342288,0.3514574162
CTGGT,0.303855176,Measured,0.2822885611,0.3441373146
AGAGC,0.3071357547,Measured,0.2522742065,0.3809148891
AAGAA,0.3076902305,Measured,0.2616946465,0.3726375528
GCTGG,0.3078740395,Measured,0.1633919125,0.4713192263
CTCCT,0.3093380059,Inferred,0.2692261569,0.3685030856
GGAGG,0.3096911461,Measured,0.2495622508,0.3888950232
GCGGA,0.3127178613,Measured,0.2548128586,0.3898842721
ACCCT,0.3134669085,Measured,0.2819816965,0.3642596651
TTTGT,0.3152396511,Measured,0.3133679656,0.3365280706
ATCGC,0.3159832058,Measured,0.0854584006,0.5659705434
CTCAT,0.3195057647,Measured,0.2460365957,0.4126544329
TCTCG,0.3202968959,Inferred,0.2314741105,0.428847909
GTTCA,0.3203944154,Measured,0.2111678237,0.4493552415
TCCCT,0.3209339765,Measured,0.2905299694,0.3711054514
CCTCG,0.3209731108,Inferred,0.2527718593,0.4089442405
TCCCC,0.3223082122,Measured,0.1925398413,0.4719286951
TCTCT,0.3223255406,Measured,0.295367357,0.3691369034
GACTT,0.3224905465,Inferred,0.2562915167,0.4085529188
ACGGT,0.3227970727,Measured,0.2729834727,0.3924928954
GACCT,0.3239781042,Inferred,0.2839402681,0.3839709069
CAGAA,0.3241557573,Measured,0.251828093,0.4164493305
AGAAC,0.325037678,Measured,0.120438486,0.5496570994
GTGAC,0.325165562,Measured,0.3045297994,0.3658294309
CTCGC,0.3256775988,Inferred,0.2747371045,0.3966777376
TCCAT,0.3287517003,Measured,0.3149276081,0.3628247819
GACGT,0.3295671273,Measured,0.2847693369,0.3946641321
GAAGG,0.3324592656,Measured,0.1445393916,0.5408564912
ACCGC,0.334204039,Measured,0.2883343918,0.4006585045
GTTGG,0.3366253535,Measured,0.268725046,0.4252596167
GTCGC,0.336677458,Inferred,0.2511863192,0.4469784102
GTGTC,0.3371784561,Inferred,0.2944102461,0.4007146894
ATTGA,0.343292514,Measured,0.1921176979,0.5156119401
TTGTC,0.3436340205,Inferred,0.2854512107,0.4229824749
CGCCA,0.3456541914,Measured,0.329749753,0.3828487038
CGCTT,0.3456541914,Inferred,0.329749753,0.3828487038
AAGGA,0.3479381527,Measured,0.2494986807,0.4678083761
ACTCG,0.3483406084,Inferred,0.2941654663,0.4239712907
ACTGG,0.3488047567,Measured,0.2890402639,0.4300533781
CTCAG,0.3496686626,Measured,0.2997278208,0.421146844
ATCAT,0.3502575991,Measured,0.2750519084,0.4470369042
AGTCT,0.3531041134,Measured,0.299288169,0.4286689991
GATCT,0.3547072684,Measured,0.2109248371,0.520337385
TATCT,0.3567231783,Measured,0.3118178649,0.4236003441
ATCGG,0.3576582118,Measured,0.295117404,0.442228464
CACTT,0.3585551896,Inferred,0.1048128813,0.6343821905
CTCCC,0.3593457497,Inferred,0.3034129018,0.4374119836
CACAA,0.3611051579,Inferred,0.2738834906,0.4705685794
CTCTG,0.362011714,Measured,0.3041775328,0.4421434873
ACACA,0.3652002084,Measured,0.2858736932,0.4670207066
AGTGC,0.367483482,Measured,0.1718794138,0.585722168
TTGGT,0.3683600232,Measured,0.2984621606,0.460946493
GCTGT,0.3684755435,Measured,0.2978855486,0.4617612608
GTCCC,0.3687113998,Inferred,0.2746301956,0.4901573091
TCCGA,0.369010738,Measured,0.1911914409,0.5695587222
CACAT,0.3699331602,Measured,0.1816079735,0.5810438493
ACAGG,0.3703328412,Measured,0.2194653044,0.5440104981
AGAAA,0.3731236487,Measured,0.2554596508,0.5137696626
CACTC,0.3735122189,Inferred,0.149176407,0.6208539802
TTTCC,0.3739265864,Inferred,0.2580222661,0.5128623784
TTTCG,0.3739265864,Inferred,0.2580222661,0.5128623784
TTTCT,0.3739265864,Inferred,0.2580222661,0.5128623784
TGTGT,0.3743046934,Measured,0.1871740946,0.5844900529
GCTCC,0.3743556763,Measured,0.2929635757,0.4788056779
GCGCC,0.3757949276,Inferred,0.1126395818,0.9394172228
GTGCC,0.3757949276,Inferred,0.1126395818,0.9394172228
TCGCC,0.3757949276,Inferred,0.1126395818,0.9394172228
TTGCC,0.3757949276,Inferred,0.1126395818,0.9394172228
CCTGA,0.3769444378,Measured,0.2954803488,0.4816258787
GGAAC,0.3770343045,Measured,0.3307820837,0.4465094125
GTCGG,0.3774862375,Inferred,0.2874359661,0.4954416875
GAGAG,0.3777479869,Inferred,0.2354028667,0.4016894665
ATCCA,0.3819093593,Measured,0.2099304223,0.5774114553
CTGGA,0.382890262,Measured,0.3652128273,0.4241512732
TCCTG,0.3864454264,Measured,0.3794058144,0.41728759
CGGAG,0.3881162175,Inferred,0.2482139928,0.4428625306
AGATT,0.3898729736,Measured,0.3178646536,0.4858949602
AATCC,0.39109782,Inferred,0.2789325127,0.5273522366
ACCAC,0.3962558353,Measured,0.330504799,0.4864136813
ATGTC,0.3972904367,Inferred,0.3301850101,0.4888663978
TGGTC,0.39879938,Inferred,0.3356781382,0.4864840975
TGCAT,0.3989368391,Inferred,0.136502655,0.6859429655
CTTCC,0.3995308597,Inferred,0.3023692373,0.5213010124
CTTCG,0.3995308597,Inferred,0.3023692373,0.5213010124
CTTCT,0.3995308597,Inferred,0.3023692373,0.5213010124
GACGC,0.4007318235,Inferred,0.2946545738,0.5314915749
GGTCC,0.40094054,Measured,0.3288542358,0.4977222017
GTCAT,0.4046903654,Inferred,0.3358373834,0.4984696699
CCTCA,0.4055071473,Inferred,0.3149043539,0.5210865717
GACCC,0.4055097989,Measured,0.3374222225,0.4985741696
TGGAG,0.405534944,Inferred,0.34093725,0.4951109812
CTCAA,0.4061968577,Measured,0.363709658,0.4737031702
ATTCA,0.408840159,Inferred,0.3032050611,0.53965718
ATTCC,0.408840159,Inferred,0.3032050611,0.53965718
ATTCG,0.408840159,Inferred,0.3032050611,0.53965718
ATTCT,0.408840159,Inferred,0.3032050611,0.53965718
TATGA,0.409852695,Measured,0.356951361,0.4879983179
GCGCT,0.4105360334,Measured,0.3405719293,0.5057865156
GATCA,0.4116249281,Inferred,0.3628303789,0.4857729243
CACCG,0.4159119879,Inferred,0.228053415,0.6293880631
GACCG,0.4165174158,Inferred,0.3430176683,0.515671956
GGCGA,0.4173361755,Inferred,0.2518648251,0.6085127489
AGAGT,0.4215512549,Measured,0.3956186375,0.473448717
GTGCA,0.4217846967,Measured,0.241995382,0.6275532348
TCTGA,0.4226484365,Measured,0.3712445215,0.5000847757
ACGAG,0.4230384946,Measured,0.3596969502,0.5124364883
GTTGC,0.4252496731,Inferred,0.3343612851,0.5466115164
CTTCA,0.4274587574,Measured,0.3048767086,0.5763695152
CGATG,0.4291480554,Inferred,0.3647804917,0.519948378
CAGAT,0.4294621306,Measured,0.3368521342,0.5485242309
GGTCG,0.4303237319,Inferred,0.334355766,0.5527968707
CCTCT,0.4332343495,Inferred,0.3214166862,0.5717364611
TCTCA,0.4332343495,Inferred,0.3214166862,0.5717364611
GACAT,0.4341111658,Measured,0.1865684726,0.7083923135
GGTCA,0.4364552336,Inferred,0.3731425647,0.5266507365
TATGT,0.4380505915,Measured,0.3057543833,0.5973278976
CAGAG,0.4407400297,Inferred,0.316230496,0.5195933212
GCGTC,0.4437981727,Measured,0.3241993088,0.5907321484
GACTC,0.4438606133,Measured,0.4075352468,0.5075249376
CATCA,0.4515979968,Inferred,0.3307874838,0.6002240406
ACTCA,0.4519301579,Inferred,0.3632109234,0.5684853822
GGACA,0.4523837471,Measured,0.4163718301,0.516259592
GTTCC,0.4530630308,Inferred,0.3492236798,0.5848081492
GTTCG,0.4530630308,Inferred,0.3492236798,0.5848081492
GTTCT,0.4530630308,Inferred,0.3492236798,0.5848081492
AATCG,0.4536510002,Inferred,0.3274409543,0.6078030286
TCTGT,0.4548577514,Measured,0.4211209413,0.5166108723
GAGTC,0.4559068923,Measured,0.3179134636,0.6219812522
AGATA,0.4569748613,Measured,0.3450941851,0.5970022486
ATGAG,0.4584770002,Inferred,0.3624564177,0.5827368157
CGTCT,0.4603734469,Inferred,0.3879255981,0.5611773377
ATCAA,0.4610501242,Measured,0.4146706862,0.5358272831
GCGAA,0.4616696505,Measured,0.3744266492,0.5773485316
TATCA,0.4618630135,Measured,0.3140548361,0.6381189806
CATCC,0.463707027,Inferred,0.33093717,0.6250382532
TAGAG,0.4640262706,Inferred,0.393499877,0.5631336967
ATCGT,0.4658336457,Measured,0.3194275886,0.640932058
CACAC,0.4662947261,Inferred,0.3204358158,0.6408743911
CACCA,0.4663447332,Inferred,0.2684983517,0.6929149496
TATCC,0.466526678,Measured,0.4138428929,0.5479455045
ATTTT,0.4668103025,Measured,0.3804452974,0.5819278186
ACCAA,0.4686136362,Measured,0.4212830452,0.5448078119
CCCTC,0.4740438201,Measured,0.3766156133,0.600670076
GCAGG,0.4749234504,Measured,0.370743881,0.6083552485
GGGGT,0.475138619,Inferred,0.3839544234,0.5955882963
TCTGG,0.4754199989,Measured,0.4326293088,0.5474935019
TGTCT,0.4760967481,Inferred,0.3817581864,0.5997598059
TCACA,0.4768783347,Measured,0.3992915079,0.5838377984
TTTCA,0.4786673041,Measured,0.3935706509,0.5932467832
AATGA,0.4826379196,Measured,0.3692466951,0.6257565345
ACGCC,0.4830404177,Inferred,0.0954696025,1.3163440144
ATGCC,0.4830404177,Inferred,0.0954696025,1.3163440144
ACACT,0.4840674585,Measured,0.4036459093,0.5943044485
CGACG,0.4844021938,Inferred,0.4013368243,0.5973036215
TAGAA,0.4854909198,Inferred,0.417402011,0.5834829452
TGGAA,0.4859511538,Inferred,0.3985610008,0.6032727711
CCGAA,0.4862456298,Inferred,0.3854893714,0.6169514902
ACGTC,0.487336368,Measured,0.4140204528,0.5906690677
AGTGA,0.4888710365,Measured,0.4106216313,0.5972317519
CCTCC,0.4907173987,Inferred,0.3983345972,0.6133252344
TGAGA,0.4912339635,Measured,0.4394976206,0.5732271577
ACCCG,0.4914414121,Inferred,0.4307804637,0.5823719892
TAGGT,0.4914938968,Inferred,0.4340295601,0.5792310949
CATCG,0.4916316081,Inferred,0.3540259855,0.6595185744
GATCG,0.4916618794,Inferred,0.3816666839,0.6319402831
GCAAA,0.4928010487,Measured,0.4209831391,0.594972332
TCCCA,0.4936755527,Inferred,0.3959888599,0.6217694829
ACGAA,0.4987775925,Inferred,0.4107092405,0.6175674347
GTTGT,0.5026883477,Inferred,0.4117685982,0.6245704648
CCGAG,0.5035131457,Inferred,0.377944797,0.5832433389
GGTGT,0.5050593961,Measured,0.44281383,0.5984133711
ACCCA,0.505420966,Inferred,0.4351165006,0.6068561108
CGTCA,0.5075433504,Measured,0.3694233631,0.6769247423
GGATT,0.5078190595,Measured,0.4532869594,0.5936295461
ACAAA,0.5080819861,Measured,0.4659153412,0.581543212
AGGAA,0.5123746552,Measured,0.3535568704,0.7027514218
GGATA,0.5143612963,Measured,0.467757388,0.5926465508
TGATG,0.5145452758,Inferred,0.4462720553,0.6145111744
CGCTC,0.5158613036,Inferred,0.331053253,0.7324430912
ATTGG,0.5167315405,Measured,0.4304192531,0.6348711658
ACTCT,0.5167324666,Inferred,0.3971327066,0.6681596216
TGTTG,0.5184642441,Measured,0.3174379311,0.7514246184
TTCAT,0.5187978648,Measured,0.2708487704,0.7987015694
AATCT,0.5189415181,Inferred,0.3714873565,0.698359138
AGTCG,0.5198063537,Measured,0.4469969603,0.6246324738
GGCTA,0.5200897716,Measured,0.4331264085,0.6390873182
GTGAG,0.5201761636,Measured,0.375024217,0.6973676147
TCCGT,0.5209956879,Measured,0.45201382,0.6220675379
TTTGC,0.5238409554,Inferred,0.3759462078,0.7088932912
CTGAG,0.5253839887,Measured,0.4851191236,0.5980091269
CGGAA,0.5264420253,Inferred,0.3447994235,0.7405100685
TGTCG,0.5282928099,Inferred,0.4232416384,0.6658834191
TGTCA,0.5313585607,Inferred,0.4426350377,0.652810352
AGAAG,0.5315412679,Measured,0.3887791318,0.7070429258
CACGA,0.5333930524,Inferred,0.3021069718,0.7975327128
GCTGC,0.5343808752,Measured,0.4370553054,0.6646208684
CGTCG,0.5352092963,Inferred,0.4411810635,0.662202978
ACCCC,0.5354721919,Inferred,0.4637916783,0.6401343471
ATTGC,0.537426337,Inferred,0.4172536694,0.6949818206
TTCAC,0.5381343434,Measured,0.4699354352,0.6394788646
TCCAA,0.5384454604,Measured,0.4879866873,0.6220690092
TTAGA,0.5397919147,Measured,0.4073070188,0.7055245191
CGGGA,0.5411868093,Inferred,0.4314420488,0.6842651949
AGTAA,0.541226343,Measured,0.4223841572,0.693404589
GGAGC,0.5426250823,Measured,0.382347697,0.7363246811
CCAGG,0.5463411611,Measured,0.5104438193,0.6158896029
ATCAC,0.5474107765,Measured,0.4540333439,0.6745051905
CGAAG,0.5517166709,Inferred,0.4305565898,0.7068589489
CGAGG,0.5534664722,Inferred,0.4593333735,0.6816895443
TTCGA,0.5535587803,Measured,0.4725953198,0.6686178999
CGTGA,0.5548209656,Inferred,0.4420373083,0.7017780245
TATCG,0.5548922597,Inferred,0.3614801064,0.7824822057
TGTCC,0.5580092633,Inferred,0.4527773195,0.6976109871
CATCT,0.5595898005,Inferred,0.4003533028,0.7532934293
ACCAG,0.5598370069,Measured,0.5088952357,0.6452611355
GCTTG,0.5598433465,Measured,0.5095927137,0.6445767271
TGAAG,0.5638656699,Inferred,0.4425124347,0.7199494022
AGTGT,0.5640806748,Measured,0.4306046022,0.7323004873
TGAAT,0.5649704212,Inferred,0.4486985576,0.7160408275
CGCCT,0.5660377699,Measured,0.3484126323,0.8185271919
AATTA,0.570327752,Measured,0.2366090102,0.9391750136
TTTGA,0.5707392102,Measured,0.5138627968,0.6627694864
CTGAA,0.5711009044,Measured,0.514742639,0.6626353108
CCAAC,0.5745362687,Measured,0.5085266897,0.6759335849
GCTTA,0.5746744646,Measured,0.5187397087,0.6660054698
CGTCC,0.5748312342,Inferred,0.4805619717,0.7045064021
TGACG,0.5760956812,Inferred,0.5021207142,0.6855544353
TGCTA,0.5767232535,Inferred,0.4607822345,0.728186714
GGACT,0.5774627392,Measured,0.496344764,0.6941487035
GCAGA,0.578422142,Measured,0.5502277465,0.6422436195
ATTTA,0.5798390948,Measured,0.5043741171,0.6910184297
CGAAA,0.5810432685,Inferred,0.4683881196,0.729486944
TGTGG,0.5824439406,Inferred,0.4725859171,0.7281767632
CGGGT,0.583053475,Inferred,0.5036917091,0.6983275832
CACCT,0.5835246581,Inferred,0.3116085189,0.8913821615
TGAAA,0.5890027535,Inferred,0.4749394602,0.7393448265
GACAC,0.5918617979,Measured,0.5064497189,0.7137287552
TGACA,0.5925122243,Inferred,0.4503693727,0.7711500164
CGACC,0.5940245061,Inferred,0.4637926769,0.7608444225
TGAGG,0.5945947587,Measured,0.4883965446,0.7374161839
GCGGT,0.5954922209,Inferred,0.5047927986,0.7228701324
ATCCG,0.595685417,Measured,0.5536421089,0.674419114
GGATC,0.5961264042,Inferred,0.505562904,0.7234074551
TTAGT,0.5967427709,Measured,0.4379333827,0.7923076741
CTTGC,0.5970221036,Measured,0.5208578717,0.7099590556
TGTGC,0.5970849377,Measured,0.5378586971,0.6930877685
GTGGA,0.5986255868,Measured,0.4057475185,0.8283751393
CCAGT,0.6020667414,Inferred,0.5085762834,0.7326406366
AGTTG,0.6045790795,Measured,0.5310333741,0.7153629661
TTTGG,0.6065692017,Measured,0.5017120888,0.7487870745
ACTTT,0.6083417845,Measured,0.5493221546,0.7048313539
GGGAA,0.6093539887,Measured,0.5844254964,0.6718147657
GGTGC,0.6103231742,Inferred,0.4860404736,0.7721978553
ACAAC,0.6121117097,Measured,0.4943403689,0.7675851933
CGAGC,0.6121275486,Inferred,0.5089614718,0.7529967435
TTTTA,0.612280488,Inferred,0.5196670698,0.7426064446
TCACG,0.6134850526,Measured,0.4990977693,0.7656590677
CGTGC,0.6151865324,Inferred,0.5182764485,0.7499881482
GGAGA,0.6162396627,Inferred,0.5192658892,0.7511698342
GTTTG,0.616399682,Inferred,0.4834055229,0.7873600953
GGACC,0.6168773066,Inferred,0.5326289923,0.7391212936
CCTGT,0.616954227,Measured,0.4660021142,0.8059067505
CTTGG,0.6184874516,Measured,0.5094930192,0.7655767314
ATCCC,0.6187061491,Measured,0.4964399718,0.7790806441
GCACA,0.6199789679,Measured,0.5734389181,0.7047057329
CCTTC,0.6221800794,Measured,0.5534724656,0.7292099826
TCCTC,0.6221996801,Measured,0.5947474402,0.6879754168
AACGC,0.624482589,Measured,0.5208120062,0.7666172811
CACTA,0.6250554649,Measured,0.2940512809,0.9945590437
GCAAT,0.6252827508,Inferred,0.5338706638,0.7552082319
AGTCA,0.6262618878,Inferred,0.5121275107,0.7789699675
AGGAT,0.6277011133,Measured,0.4154149686,0.8786496076
GATCC,0.6284348627,Measured,0.3865643404,0.9090129289
ATTGT,0.6308902492,Inferred,0.5065027516,0.7941365268
CGCAT,0.6358919495,Measured,0.3149973735,0.9959533779
TGTGA,0.6364050602,Inferred,0.5173191272,0.79468945
CGAAT,0.6367596641,Measured,0.5142475044,0.7984921218
ACAGA,0.6383358911,Measured,0.5628036245,0.7531855413
CACGC,0.6385826206,Inferred,0.348659297,0.9678385245
GTGGT,0.638670362,Measured,0.5842672402,0.7324114685
CAGGA,0.6394477025,Measured,0.2931100923,1.0251711767
ATGGT,0.6412813968,Inferred,0.5287287308,0.7933328705
CCTTG,0.6414893293,Measured,0.5354372659,0.7870530077
GTGCT,0.6435224375,Measured,0.4723718678,0.8543098486
TGGGT,0.6437602255,Inferred,0.5726350286,0.7545369101
TATGC,0.6452452106,Measured,0.5851994658,0.7450339085
TGGGA,0.6452614198,Inferred,0.5046354602,0.8256313309
CGTTT,0.6461962952,Inferred,0.5556875461,0.7765065782
TGAGT,0.6469435875,Inferred,0.4885515101,0.8451832271
CTTTC,0.64815393,Inferred,0.4980476913,0.8381822802
TCTAA,0.6500528098,Measured,0.5488471168,0.7912975732
ACATC,0.6507755864,Measured,0.5904060225,0.7512287389
AGGGA,0.6509968605,Measured,0.5391899717,0.8029009671
TGACC,0.6521653602,Inferred,0.5373699431,0.8071299672
TTGAG,0.652623672,Measured,0.3482153801,0.4899209344
AGATG,0.6545705778,Inferred,0.5915914069,0.7578670845
ATGAA,0.6549103487,Inferred,0.4517823691,0.8983765916
AGACG,0.657572039,Inferred,0.6059909559,0.7496553286
AAACT,0.6589239961,Measured,0.3314337865,1.026999684
CAACC,0.6589239961,Inferred,0.3314337865,1.026999684
GCTCG,0.6591092568,Measured,0.5013018375,0.8575135653
TCTCC,0.6591092568,Inferred,0.5013018375,0.8575135653
ACGCG,0.6598640175,Inferred,0.4425678819,0.9178035306
CAGCG,0.6598640175,Inferred,0.4425678819,0.9178035306
TAGCG,0.6598640175,Inferred,0.4425678819,0.9178035306
AGTAC,0.6608639404,Measured,0.5557607928,0.8066720544
GCTAG,0.6611595908,Measured,0.5023775265,0.8606648316
TCAGA,0.6613731346,Inferred,0.5669037557,0.796578843
ACAAG,0.6619624398,Measured,0.564184298,0.8005132084
TCAAG,0.6632232863,Measured,0.5433541831,0.8239426764
TGCCA,0.6635143823,Inferred,0.3658298253,1.002067156
AGAGA,0.6668385255,Measured,0.5586173392,0.8161326742
TGAAC,0.668120396,Inferred,0.5543352072,0.8230575022
GATTG,0.6684170777,Measured,0.5883686481,0.7896356983
CGTGT,0.6709127044,Measured,0.5468055644,0.8363437499
CGAAC,0.6733471847,Inferred,0.561016491,0.8271517322
TCAGG,0.6737382305,Measured,0.530054833,0.8589195678
TTTTG,0.6755531159,Inferred,0.538257979,0.8544579778
CTTTA,0.6757035416,Inferred,0.5349104313,0.8581156423
TCAAT,0.6770171908,Inferred,0.5534493328,0.8422849514
TGTTT,0.678129308,Inferred,0.6152499499,0.7827770681
AGTCC,0.679563293,Inferred,0.5324120743,0.8685712378
CAGGT,0.6799718638,Measured,0.5331915579,0.8686340611
AATCA,0.681534648,Measured,0.4869511418,0.9180963032
GACCA,0.6818406302,Measured,0.468472443,0.937205813
TACGA,0.6874228417,Measured,0.3570065235,1.0601799836
GTTTT,0.6911943718,Inferred,0.5348856357,0.8900762336
AGTGG,0.6922043474,Measured,0.6358369893,0.7912070394
CCAAT,0.6949485209,Inferred,0.5669844906,0.8657169085
TAGGA,0.6955844913,Inferred,0.5779400173,0.8560724942
AGGGT,0.7006529764,Measured,0.5965789664,0.8478827013
CTTTG,0.7009524224,Inferred,0.543685814,0.9013931898
TACAC,0.70145275,Measured,0.6034186295,0.8426918464
CGATC,0.7018388984,Inferred,0.6271734634,0.8197330936
CGATA,0.7036426052,Inferred,0.6407287541,0.8098963132
GAGCA,0.7043619442,Inferred,0.5762343011,0.875873751
CAAGA,0.7078901619,Measured,0.4915474162,0.9678343866
ACCTC,0.7125656244,Measured,0.6249470943,0.8440736118
TCAAC,0.7204291862,Inferred,0.5951789764,0.8900531983
CACAG,0.7216670665,Measured,0.1731918029,1.3145923779
TGATT,0.7220536363,Inferred,0.6511537441,0.8374273864
CCAGC,0.7220667716,Inferred,0.6092726511,0.8793355592
CCGGT,0.7249900481,Inferred,0.6484775414,0.8461572767
GCAAG,0.7275405449,Measured,0.5384780757,0.9614148303
AAAGG,0.7287406848,Measured,0.5498201375,0.9525469692
TCAAA,0.7317808143,Measured,0.6269031019,0.8817315163
ATCAG,0.7329064764,Measured,0.6595354859,0.8514197899
CGCGG,0.735342504,Inferred,0.556595953,0.9593814216
AGACA,0.7402021105,Measured,0.5514834367,0.9745124715
CGACT,0.7416998709,Inferred,0.5604904514,0.96859323
TGATC,0.7417876449,Inferred,0.6649328651,0.8643317707
TGAGC,0.7418876859,Inferred,0.5966567745,0.932814105
AAGTG,0.7438885847,Measured,0.4228088798,1.1107870398
TCTTT,0.7439551826,Inferred,0.6612963217,0.8724368959
TTTTT,0.7451340536,Inferred,0.5908622062,0.9453013642
TGATA,0.7512203597,Inferred,0.683328978,0.8653820818
AGACC,0.7513074681,Inferred,0.6328972389,0.9159934031
CGGCC,0.752484244,Measured,0.1469795403,2.3832778752
GAGCC,0.752484244,Inferred,0.1352283963,2.3832778752
TAGCC,0.752484244,Inferred,0.1352283963,2.3832778752
CGGCG,0.7544030513,Inferred,0.6368130557,0.9184594206
TGGCG,0.7544030513,Inferred,0.6368130557,0.9184594206
GTTTC,0.7577506735,Measured,0.6588888421,0.9032850707
CTTTT,0.7594879524,Inferred,0.5844959432,0.9812595326
GCTTT,0.7634226168,Measured,0.6608305548,0.9130365996
AGCGC,0.7673420794,Measured,0.5254964157,1.0564510777
CGCAG,0.7684926888,Inferred,0.6371288128,0.9471907695
ACAGC,0.769352958,Measured,0.7119568537,0.874136254
GCACC,0.7745333998,Measured,0.5977429539,0.9990301194
GGTTA,0.7783884183,Measured,0.7407311375,0.8639894171
CGTTC,0.782310726,Inferred,0.6435712791,0.9692354798
AAGAT,0.7827213085,Measured,0.5682723357,1.0453808774
GGTGG,0.7835292282,Measured,0.6880935311,0.927225284
TCCCG,0.7854390829,Inferred,0.6184458807,1.0008102788
CCAAG,0.786436968,Inferred,0.6460322327,0.9752811603
AGTTT,0.7868220748,Inferred,0.6702073587,0.9518999679
CCACT,0.788150468,Inferred,0.5064503624,1.1183955712
TGACT,0.7919923109,Inferred,0.646681907,0.9860843451
TTCAG,0.7923529587,Measured,0.6500978703,0.983411891
TTTTC,0.8025496488,Measured,0.5653971543,1.0891340376
GCGTG,0.8084996437,Inferred,0.5730954026,1.0937022605
GGGTG,0.8084996437,Inferred,0.5730954026,1.0937022605
GCGAT,0.8180468949,Inferred,0.6051629801,1.0813172347
ATTTG,0.819370905,Inferred,0.6112032185,1.0780065669
ACCTT,0.8212162275,Measured,0.7366996695,0.9563144209
CCGGA,0.8215069319,Inferred,0.6765507815,1.0170626234
GCTAA,0.8233847264,Measured,0.5722106651,1.1252739888
CAGTC,0.8241604429,Measured,0.8052544808,0.8938293852
GAGCG,0.8253766983,Inferred,0.6078026742,1.0937886161
ACGGA,0.8254074238,Inferred,0.6548231593,1.0468314745
ACAGT,0.8287406857,Measured,0.6628431492,1.0456833159
TCAGT,0.834377723,Measured,0.7202942085,0.9998535365
ATCTC,0.8360079987,Measured,0.7485814127,0.9749272982
TGCTG,0.8370966399,Measured,0.1759250068,1.5498280398
CACTG,0.8376747905,Measured,0.7457861308,0.9811588273
CCAAA,0.839780705,Inferred,0.6680680618,1.0632184361
CCACG,0.8419649609,Inferred,0.5926728736,1.1431166722
CCGCG,0.8460657834,Inferred,0.6284570232,1.1157867518
TCGCG,0.8460657834,Inferred,0.6284570232,1.1157867518
GCATC,0.8476990014,Measured,0.7067579559,1.0408528508
GACTA,0.8480347401,Measured,0.7805384793,0.9677644841
TGTTC,0.8482723465,Inferred,0.7251046162,1.0236881952
CGAGT,0.8483476062,Measured,0.7566468871,0.9923010791
TCTAG,0.8506416897,Measured,0.5978213418,1.1558560923
GGTCT,0.8515832356,Measured,0.6954007856,1.0602177333
ATGGA,0.8527713104,Inferred,0.6941104545,1.0639573919
ACTGC,0.8538316438,Measured,0.5636001618,1.196653661
GTGTG,0.8605063205,Measured,0.7756122123,0.998402081
TAGTG,0.8605063205,Inferred,0.7756122123,0.998402081
TCACC,0.8609327262,Inferred,0.7402729664,1.0346204023
CTGTT,0.8664192089,Measured,0.7320964372,1.054107829
CGTGG,0.8715655889,Measured,0.7051999596,1.0916140504
CAGTG,0.8731107028,Measured,0.7233819255,1.0766174813
GGAAA,0.882771831,Measured,0.7515311477,1.0683855789
GATGA,0.8828017311,Measured,0.7436325731,1.0763457953
GATAA,0.8859890556,Measured,0.6369550689,1.1895942672
ACTAT,0.886139523,Measured,0.2212377829,1.6056217558
TCTGC,0.8882871728,Measured,0.7181813471,1.1131057727
GGAGT,0.8914142524,Measured,0.7276447401,1.1100891468
CTAGA,0.8955090241,Measured,0.7098905765,1.1362850654
ACATA,0.8963472849,Measured,0.7776263257,1.0702774691
ATTTC,0.8978123927,Inferred,0.6093236593,1.2416005924
GTTTA,0.8978123927,Measured,0.6093236593,1.2416005924
CGCGC,0.8981998357,Inferred,0.7217840428,1.1299389589
GGTGA,0.8982563502,Measured,0.8327904609,1.0190490508
TCCTT,0.8984285111,Measured,0.8225991921,1.0295952455
ACACG,0.9002043001,Inferred,0.7426380272,1.1132173655
GGAAG,0.9003137974,Measured,0.8452008455,1.0108802861
TCGAA,0.9012373666,Measured,0.3194160304,1.5385691255
AGAGG,0.9095689389,Measured,0.7033931701,1.1717683017
TGTAA,0.9156350792,Measured,0.8005774066,1.087089981
CGCGA,0.9171862939,Inferred,0.681982136,1.2088832259
CCTAA,0.9204130963,Measured,0.765286386,1.132231331
AAGGT,0.9246210654,Measured,0.8134427469,1.092750092
CCACC,0.9281827983,Measured,0.5529930233,1.3605426613
AGCCT,0.9287958202,Measured,0.8467829937,1.0680164929
TCTTG,0.928990011,Inferred,0.578600723,1.4023908659
TATTC,0.9354149124,Measured,0.7170862464,1.2113591181
TCCAC,0.9357476532,Measured,0.691212307,1.2379190339
GGGAG,0.9367135205,Measured,0.821241436,1.1098811306
CGATT,0.9415313776,Measured,0.8537298733,1.0873251564
TGCAC,0.941743086,Measured,0.7915706779,1.1499208086
CGACA,0.9428696308,Measured,0.9052562737,1.0385576903
GTAGC,0.9475606546,Inferred,0.7702124513,1.1832724972
TCATG,0.9489243589,Inferred,0.8131285181,1.1431678343
TCATT,0.9489243589,Inferred,0.8131285181,1.1431678343
TATAA,0.9572078929,Measured,0.6311896974,1.3421839354
ACTAC,0.9589225099,Inferred,0.7879374185,1.1889710577
CGTTG,0.9630309671,Inferred,0.8304595245,1.1549189206
CGCAC,0.9637768072,Inferred,0.8234807102,1.1634353541
GCTAT,0.9692265917,Measured,0.8799330768,1.1182182282
ACTTC,0.9763202176,Inferred,0.6047062832,1.4738609553
GAGAA,0.9781349802,Measured,0.7288155767,1.2877012047
GATGG,0.9815805616,Measured,0.871465142,1.1521550279
CGTTA,0.9827106504,Inferred,0.7981989964,1.2277509572
TCGTG,0.9874690476,Inferred,0.8272777879,1.2084820466
TGGTG,0.9874690476,Inferred,0.8272777879,1.2084820466
CATTC,0.9904427875,Inferred,0.7517523386,1.2901381391
GAGGT,0.9926458135,Measured,0.949636593,1.0967956289
GAAAG,0.9990611034,Measured,0.7689101528,1.2907477895
AATGT,0.999322774,Inferred,0.4793526577,1.6459524803
TATTA,1.0028562524,Measured,0.8940995699,1.1733824271
GAACA,1.003348642,Inferred,0.5772402091,1.4912568951
TAACA,1.003348642,Inferred,0.5772402091,1.4912568951
CCATA,1.0038504651,Inferred,0.9017230238,1.1678086357
CCATG,1.0064899926,Inferred,0.8849724121,1.1900008803
CCATT,1.0064899926,Inferred,0.8849724121,1.1900008803
TATTG,1.00718427,Measured,0.9010571691,1.1753474413
CATTT,1.0110449194,Inferred,0.7767160343,1.3076476659
ACCTA,1.0116708989,Measured,0.8990116711,1.1866425445
CATGT,1.012203078,Inferred,0.5775853084,1.5525712024
AGTTC,1.0136794594,Inferred,0.8166802471,1.2731148039
CGCCG,1.0148390273,Inferred,0.7741107133,1.3180748953
AGTAT,1.016609517,Measured,0.6772253368,1.418610302
TCACT,1.0198035979,Measured,0.9346348963,1.1677856391
CCACA,1.0201022176,Inferred,0.7175080124,1.3855281556
CCGAT,1.0203414063,Inferred,0.7863441598,1.3171851179
CCGTG,1.0255884958,Inferred,0.8619097421,1.2524369017
CGGTG,1.0255884958,Inferred,0.8619097421,1.2524369017
ACTAG,1.0285427182,Measured,0.9355578434,1.1848792062
ATGCG,1.0293912476,Inferred,0.6117449583,1.5104414142
GGGCG,1.0293912476,Measured,0.6117449583,1.5104414142
TTGTG,1.0297899566,Inferred,0.8444996465,1.2785087018
CCTTA,1.0311702116,Inferred,0.8855155156,1.2403383575
TGCCT,1.0314541066,Inferred,0.7259410293,1.4004981198
GGACG,1.0325137553,Measured,0.7136160876,1.4150076265
CCTGG,1.0384577653,Measured,0.9423354971,1.1985423499
TTCTC,1.0424723493,Measured,0.9165358591,1.2326184284
GCATA,1.043819489,Measured,0.8792727793,1.2726587627
CATTA,1.0450649518,Inferred,0.8096697846,1.3448293955
ATCGA,1.0466915516,Inferred,0.8783288172,1.2795237507
TCAGC,1.0491707812,Measured,0.8882332038,1.2747305277
TCTAT,1.0499652655,Inferred,0.8371471081,1.3274545273
GGAAT,1.0510648178,Measured,0.8554939415,1.3113745239
AATTC,1.0520877866,Measured,0.7533560846,1.4156213266
CATGG,1.0521790215,Inferred,0.7073800403,1.4617854602
CGCAA,1.0578334662,Inferred,0.8654745173,1.3153481499
CAAGC,1.0579973115,Measured,0.8900305622,1.2911298874
ATAAG,1.0600544378,Measured,0.7989597782,1.3864416298
GGTTC,1.063613562,Measured,0.9524530076,1.240285868
ACGTG,1.0686625352,Inferred,0.9621007573,1.2410470489
AGGTG,1.0686625352,Inferred,0.9621007573,1.2410470489
ACTTA,1.070701587,Inferred,0.7095950221,1.5541494173
CAAGT,1.0730964208,Inferred,0.8218726723,1.390416004
GCTAC,1.073614524,Measured,0.5830568002,1.6302999943
TGCCG,1.0800434732,Inferred,0.863445035,1.3631656398
TGCTT,1.0800434732,Inferred,0.863445035,1.3631656398
AACAT,1.0810687092,Measured,0.9337638686,1.2949604261
CGGCA,1.0838822824,Measured,0.9270920651,1.3074326742
ACCTG,1.0846641084,Measured,0.8980060057,1.3381305409
TCATA,1.0872217865,Measured,0.9477662964,1.2936431429
GCATG,1.0906803796,Inferred,0.9670766489,1.2814630036
GCATT,1.0906803796,Inferred,0.9670766489,1.2814630036
CGCGT,1.0963564863,Inferred,0.9818367361,1.2784047415
CTGTG,1.1081295835,Inferred,0.905058507,1.3794543121
GAAGT,1.1089157612,Measured,1.0917563075,1.1943772905
ATAGA,1.1162538285,Inferred,0.8788695305,1.4223921798
CTGCG,1.1239302814,Inferred,0.8059901321,1.5110973041
TTGCG,1.1239302814,Inferred,0.8059901321,1.5110973041
GTAGT,1.127018298,Inferred,0.9037476463,1.4197060252
TGTTA,1.1374594525,Inferred,0.9584526848,1.3865264034
AATAA,1.1419058046,Measured,1.0629432687,1.2912023905
CGAGA,1.1458020773,Measured,0.7851143968,1.5770637931
AAACA,1.1488678258,Inferred,0.4463531442,1.9221453731
CAACG,1.1488678258,Measured,0.4463531442,1.9221453731
ACATG,1.1595595034,Inferred,1.0106763263,1.3798640847
ACATT,1.1595595034,Inferred,1.0106763263,1.3798640847
GCAAC,1.1620863377,Measured,0.8817174171,1.5140322991
AATGC,1.1636599483,Measured,0.772953126,1.6260407358
GATTC,1.1692448503,Measured,1.0094879458,1.401019714
AAAAC,1.1723553632,Measured,1.0014597829,1.4154604905
ATGTG,1.1727406425,Inferred,1.0553450298,1.3623695328
AAAGA,1.174863899,Measured,0.8710954478,1.5509964067
TACCT,1.1869770998,Measured,1.0011352742,1.4459290771
CGCCC,1.1931024057,Inferred,0.9769192763,1.4827729662
AACAG,1.1943066655,Measured,0.9726604699,1.4895144669
TAAGG,1.1965142314,Inferred,0.9813896864,1.485336354
ACTAA,1.1965657658,Inferred,0.9805661144,1.486266169
AAACC,1.202254104,Measured,0.9539336967,1.5246256281
CAACT,1.202254104,Inferred,0.9539336967,1.5246256281
GTTAT,1.2061180053,Measured,1.1019411088,1.3845840102
CATGC,1.2071827882,Inferred,0.7541796846,1.7833713869
ACAAT,1.2117599116,Measured,0.9863340279,1.5118224088
ACTTG,1.2147160028,Inferred,0.8349303342,1.7257132981
ATAAT,1.2155472759,Measured,1.0300805427,1.4758839
AATAC,1.216324026,Inferred,0.9744186924,1.5331470932
AAGCG,1.2184693152,Measured,1.0002353059,1.5117531941
GCGCG,1.2184693152,Inferred,1.0002353059,1.5117531941
TAAGC,1.2184904923,Inferred,0.9980522313,1.5139799272
CTAGG,1.2286235553,Inferred,1.0147188118,1.5182036043
TACAT,1.2289901793,Measured,1.0491304069,1.4845478388
TATAG,1.2315671525,Measured,1.1438221435,1.3951687736
TTCCG,1.2318521094,Measured,0.4336104724,2.10596791
GAGTT,1.2346866277,Measured,0.8409116077,1.7045103994
GATGC,1.2383474527,Measured,0.3188674044,2.2341017359
TAAGT,1.2491794081,Inferred,0.9949912959,1.580308934
GCACG,1.2535682945,Measured,1.0406794479,1.543668882
GATTA,1.2558305592,Measured,1.001717021,1.5872951793
CCTAT,1.2623319099,Measured,1.1629129241,1.4395024189
TAAGA,1.2675164965,Inferred,1.0534043198,1.5596995335
CTGCA,1.2711538933,Measured,1.1962748257,1.4243278616
TCGAT,1.2752646486,Inferred,1.000175626,1.6289017679
ATTAA,1.2826320867,Measured,1.0763292246,1.5679368321
GATAG,1.2910118551,Inferred,1.0763239948,1.5852177386
CATAC,1.2977818435,Inferred,1.002442126,1.6730565719
TGGTT,1.3028114173,Inferred,1.0737784954,1.6120891394
CATAG,1.3058156136,Measured,1.1141789207,1.5778821459
CCATC,1.3059804327,Measured,1.111579507,1.5808213498
AACAC,1.3063706998,Measured,1.0773393164,1.6158661124
TACAA,1.3079208516,Measured,1.1142835343,1.5821176776
CCTAC,1.3084725386,Measured,1.2274302244,1.4701083417
ATAGC,1.3145733445,Measured,0.9720741624,1.738041786
AAAGT,1.3149820825,Inferred,1.0727448577,1.6382137422
TTAAA,1.3183264808,Inferred,1.075578631,1.642274759
GCTTC,1.3215886934,Measured,1.1892394544,1.5353392921
GAACC,1.3292763618,Inferred,0.8569267835,1.8835008108
TAACC,1.3292763618,Inferred,0.8569267835,1.8835008108
TACAG,1.3311559705,Measured,1.1129568589,1.6313457245
TGGAT,1.3335416884,Inferred,1.12523861,1.6239823541
TGCCC,1.3346080086,Inferred,0.9027135592,1.8487057237
GTGAT,1.3372497767,Inferred,1.0806186416,1.6762468934
CTTAG,1.3401561598,Measured,1.110011388,1.6528459277
GATTT,1.3432469215,Inferred,0.7487541434,2.0204750669
GAACG,1.3470717879,Inferred,1.026120301,1.7509942292
TAACG,1.3470717879,Inferred,1.026120301,1.7509942292
AATTT,1.3479663694,Inferred,0.8517464158,1.9272123778
CTAAC,1.3604369738,Inferred,1.1251433949,1.6795247166
TATTT,1.3643950719,Inferred,0.7612299476,2.0515981533
GCGCA,1.3660527339,Inferred,1.1630087523,1.6532367739
CATGA,1.3661778214,Inferred,0.7800783554,2.0852558534
GAAGC,1.3683901082,Inferred,1.0953630071,1.7257012351
CGTAT,1.3724556599,Measured,1.248872872,1.5805728853
GCAGT,1.3776632091,Measured,1.2577484615,1.5824331457
ATAGT,1.383613004,Inferred,1.1696409892,1.682806677
CGCTA,1.3937861051,Measured,1.2332240532,1.6401964128
CTAGC,1.3987769344,Inferred,1.1864651181,1.6972444094
GAATT,1.4012627269,Measured,1.0912323134,1.797601908
ACACC,1.4134090183,Measured,0.1490282465,2.7648466911
GAGAT,1.4166231654,Inferred,1.1478204477,1.7726807547
TATAT,1.418191126,Measured,1.2926577432,1.6310759567
GTTGA,1.420812012,Measured,1.016950979,1.9121859227
CTTAT,1.4310344065,Measured,0.8265838305,2.1236274938
ATTAC,1.4327358464,Measured,1.2378664646,1.7158525374
AATTG,1.4380408136,Measured,0.8886626134,2.0759930747
AAAAG,1.465044467,Measured,1.2796797081,1.7406465382
AATGG,1.4675931903,Measured,1.1799520084,1.8456286694
TGGCA,1.4716117074,Inferred,1.2470297694,1.7868354575
GAGTG,1.4723705823,Measured,1.3873081341,1.6481215844
CTAAT,1.476394587,Inferred,1.2170471523,1.8266784284
CTACA,1.4768399822,Measured,0.8067492148,2.2378945898
GTACC,1.4768399822,Inferred,0.8067492148,2.2378945898
GTACT,1.4768399822,Inferred,0.8067492148,2.2378945898
AATAT,1.4796336559,Inferred,1.2288609093,1.821542315
TTTAG,1.4847172751,Measured,1.2907309058,1.7701526751
CGTAG,1.4848313765,Inferred,1.2945030741,1.7666157375
AGTAG,1.490269831,Measured,1.3612131749,1.7111175195
TAAAT,1.4965211147,Inferred,1.1785063616,1.9067119391
GATAT,1.4991733157,Measured,1.0277085807,2.0629774804
AAGTT,1.5032470787,Measured,1.3112041502,1.7878803546
GTTAC,1.5035628409,Measured,1.3401238796,1.7596115984
GAACT,1.5103863978,Inferred,1.0644267536,2.0493761255
TAACT,1.5103863978,Inferred,1.0644267536,2.0493761255
TCATC,1.5130768075,Measured,1.4080050929,1.7113443175
AAAGC,1.5149202685,Measured,1.1752904929,1.9478593847
CTAAG,1.5152677966,Inferred,1.2748273434,1.849038996
TGTAG,1.523087083,Inferred,1.3130331413,1.8269533886
CATAT,1.5234758119,Inferred,1.2205354547,1.9202524763
ATCTA,1.5274519926,Measured,1.0908083827,2.0581768169
GGGGA,1.5326918858,Measured,1.3247369103,1.8350508193
CCTAG,1.5341696643,Measured,1.2741103109,1.8887239974
CAATC,1.5394289145,Measured,1.8242802544,3.296826221
GAAAC,1.5400349779,Measured,1.148155055,2.0267711461
ATAAA,1.5418511605,Measured,1.2389228356,1.9397475958
CTAGT,1.5423430491,Inferred,1.293293274,1.8863912318
GAAAT,1.5461951461,Measured,1.2477948233,1.9398311408
AGCTC,1.5477324256,Measured,1.2199314263,1.9708637833
TTCTT,1.5481514329,Inferred,0.5708136667,2.7602156308
CGCTG,1.5496291624,Measured,1.3825364022,1.8121691079
AACCG,1.5501980935,Inferred,1.2504450539,1.945433361
TTCTG,1.5567002788,Inferred,0.5224044856,2.8541231106
TTAGG,1.5578228533,Inferred,1.3078418073,1.9037557631
TACCG,1.5653354892,Inferred,1.1853268882,2.0417586842
GTCTA,1.5741461448,Measured,1.4102909628,1.8349586005
GCGTT,1.5814138115,Inferred,1.3146792449,1.9455532933
GCACT,1.5818487018,Measured,1.3977268635,1.8634022417
TGCTC,1.5833636929,Inferred,1.2661078355,1.9981445656
ATACG,1.5855406948,Inferred,1.1687434828,2.0999970114
TTACG,1.5855406948,Inferred,1.1687434828,2.0999970114
ATCTT,1.5861937266,Measured,1.3322743571,1.9378124232
CTGTA,1.5875037607,Measured,1.4384554264,1.8343321118
GAGGA,1.5899489533,Measured,1.4594307837,1.8183977479
TGCGT,1.5991855518,Inferred,1.1320407295,2.1648299141
TGTAT,1.6000412139,Inferred,1.4065647037,1.8920699673
CTTAA,1.6005757081,Inferred,1.4311587638,1.8685778172
TTCCA,1.6060606106,Measured,1.3986429026,1.912401318
CAGTT,1.6068927536,Measured,1.4109017867,1.9018579746
GAAAA,1.6076355719,Measured,1.2735024229,2.0407887278
GTAAC,1.6115530162,Inferred,1.4098819441,1.9124853845
TTAAC,1.6141014172,Inferred,1.4144276399,1.9131934558
GAAGA,1.6144979862,Measured,1.3686178917,1.9598207681
CAAAT,1.6203196547,Measured,1.4699435717,1.8704970023
GTAAA,1.6242950211,Measured,1.4326104229,1.916025741
TTCCT,1.6311868857,Inferred,0.5998848917,2.902329761
TCTTA,1.6347591216,Measured,1.4036374557,1.9665714305
GTAGG,1.6357648861,Measured,1.3198056783,2.0524766856
GGATG,1.6401663013,Measured,1.551864131,1.8294921621
TATAC,1.646742597,Measured,1.31850527,2.0764086719
CAAAA,1.6529544635,Inferred,1.0780685837,2.3296517024
AACTT,1.6544802581,Inferred,1.3384332732,2.0724325811
ATGAT,1.6553002738,Inferred,1.3390636086,2.0734927848
TTTAA,1.6623329682,Inferred,1.4352254277,1.9918295231
CTGAT,1.6693450085,Inferred,1.3806637367,2.0608471913
TAAAA,1.670605964,Inferred,1.1400144694,2.3040960364
ATAAC,1.6793777287,Measured,1.3976955722,2.0644987472
CCTTT,1.6837324271,Measured,1.0279604066,3.8659224973
TTAGC,1.6882147526,Inferred,1.4492439413,2.0311687298
CTACG,1.6942414075,Inferred,1.5307377509,1.9620994331
GTACA,1.6942414075,Measured,1.5307377509,1.9620994331
TCGTT,1.6968491409,Inferred,1.4176902402,2.0805230303
CGTAA,1.6985420029,Inferred,1.502350089,1.9993531749
ACGTT,1.7011527093,Inferred,1.4792763586,2.0278091208
TACGC,1.7038983409,Measured,1.4496499652,2.0630958906
AACCT,1.7058646873,Inferred,1.369433708,2.1473659549
TTAAT,1.7068675077,Inferred,1.4879506458,2.0309164252
TTTAT,1.7136350753,Inferred,1.5323970466,2.0004219983
TACCC,1.7148297192,Inferred,1.3427549668,2.1925269483
GGGCT,1.7152609339,Measured,1.6844231813,1.8517477232
TTCGT,1.7244964648,Inferred,0.708423915,2.9662471277
GTAAT,1.7275106294,Inferred,1.5017857015,2.0596390963
GTTAG,1.7292204253,Inferred,1.4480049035,2.1169447986
AACTA,1.7298186903,Measured,1.500276715,2.0659063664
ATACC,1.7351913706,Inferred,1.2382441879,2.3390151766
ATACT,1.7351913706,Inferred,1.2382441879,2.3390151766
TTACC,1.7351913706,Inferred,1.2382441879,2.3390151766
TTACT,1.7351913706,Inferred,1.2382441879,2.3390151766
TTAAG,1.7379660753,Inferred,1.5341747987,2.0488048792
TACCA,1.7427168231,Inferred,1.2537186865,2.3390551025
GGTTT,1.744185716,Measured,1.3918716728,2.2039303763
TTCCC,1.7450624972,Inferred,0.4967373652,3.2681165684
CGTAC,1.7551504326,Measured,1.31534231,2.3030645282
GTTAA,1.755430783,Inferred,1.5054265516,2.1135582553
ATAGG,1.7581989089,Measured,1.5257188274,2.0989727301
GTGTT,1.7601624622,Inferred,1.4603249468,2.1684146594
AACGA,1.7603354866,Inferred,1.478731141,2.1503651713
TTCGG,1.7610113417,Inferred,0.6910179721,3.0788419437
TAAAC,1.7656009983,Inferred,1.2300100085,2.4099416487
ATTAT,1.7656272125,Inferred,1.5680222342,2.0719834662
CATAA,1.7660987287,Inferred,1.4221710787,2.2188066963
GTAAG,1.7663838389,Inferred,1.5595658926,2.0819996638
CAAAC,1.7796145093,Inferred,1.1980626359,2.4707791855
TAAAG,1.7923273544,Inferred,1.2513349091,2.443715632
AGCCA,1.7947647963,Measured,1.1717413268,2.5283342289
TACGG,1.8153403957,Measured,0.7159490791,3.0265449998
ATCTG,1.8207327637,Measured,1.6493130371,2.104297913
CAAAG,1.8268012758,Measured,1.1817606812,2.5843610745
TTCGC,1.8349444043,Inferred,0.6405574802,3.2817223617
TTGTT,1.8352541296,Inferred,1.531955874,2.2515922306
CCGTT,1.8357638421,Inferred,1.4694713362,2.3151275885
TATGG,1.8381089928,Measured,0.8822270225,4.1800800963
TACGT,1.8520813482,Inferred,1.4267952266,2.3914437637
ATATA,1.8576081042,Measured,1.629560812,2.2000721027
AAATG,1.8625366235,Inferred,1.1931557955,2.6774250921
CTACC,1.8643670648,Inferred,1.4539916745,2.38957547
CTACT,1.8643670648,Inferred,1.4539916745,2.38957547
AAAAA,1.8647150437,Measured,1.5960767282,2.2482078074
AGGTT,1.868933361,Measured,1.2162457378,2.6367352535
TTTAC,1.8766482749,Measured,1.6427419494,2.2261440588
TAGCT,1.8830945568,Inferred,1.6407237671,2.2414518544
TAGTT,1.8832793816,Inferred,1.5902035341,2.2923531209
AACGG,1.8920935241,Inferred,1.5686468567,2.3320809778
CAGCA,1.8935033046,Measured,1.6945152996,2.2091189293
TCTTC,1.9026546168,Measured,1.5185927004,2.403907815
TGTAC,1.9059253616,Measured,1.6153972379,2.3138462239
ATGTT,1.9098360844,Inferred,1.666071339,2.2712344438
AAATC,1.9109883398,Measured,1.7320011461,2.207680119
TCTAC,1.912909617,Measured,1.6168867104,2.3267554474
TTATC,1.926758265,Measured,1.6151772793,2.357015162
GGTAG,1.9312587992,Measured,1.8487260347,2.132744679
GAATC,1.9477371191,Measured,1.5991089125,2.4163333995
TAATA,1.9486591936,Inferred,1.3068206526,2.7351524976
AATAG,1.950438557,Measured,1.2218183796,2.7991931995
TACTT,1.9525954598,Measured,1.6467530857,2.3787051503
GGTAA,1.9535241995,Measured,1.8265516156,2.2008213041
TGCGG,1.9802300077,Inferred,1.6100985908,2.4723308513
AACGT,1.9855648648,Inferred,1.6329867037,2.4604410454
TAGAT,1.9881453575,Inferred,1.6415862551,2.4571614212
GCGTA,2.0034808075,Measured,1.3213570113,2.8090061301
AAGCT,2.0095957192,Measured,1.757132844,2.3858367599
GGTAT,2.0168716199,Measured,1.9421532051,2.2158163489
TAATT,2.0221997332,Inferred,1.4850475743,2.708536279
ATACA,2.0344927222,Inferred,1.3772455981,2.8170515069
GTACG,2.0344927222,Measured,1.3772455981,2.8170515069
TTACA,2.0344927222,Inferred,1.3772455981,2.8170515069
GGCAC,2.0360168333,Measured,0.7900636882,3.4073755146
CAATA,2.0509667634,Inferred,1.6335258158,2.5947340667
CGGAT,2.0579227048,Measured,1.6119624093,2.6306377972
CGGTT,2.0615766554,Measured,1.9029481126,2.3471850549
TAATG,2.0651628944,Inferred,1.5183187252,2.7568005919
ATTAG,2.0996720062,Measured,1.9735482744,2.3551220233
ATGCT,2.1066182311,Inferred,1.9048225551,2.4381680351
CGGCT,2.1196752981,Inferred,1.8432073245,2.5267016311
AACCC,2.1279655767,Measured,1.8347939098,2.5522062307
TGGCT,2.1354046145,Inferred,1.8592956376,2.5430407753
GAATG,2.1363556703,Inferred,1.4639019736,2.971182499
CAATT,2.1428924379,Inferred,1.8563094679,2.5614637935
AAATA,2.1511265591,Measured,2.011845857,2.4229028157
CAATG,2.1527852244,Inferred,1.771371846,2.6667963204
GTATG,2.1778496717,Inferred,1.9124455199,2.5773953499
AAACG,2.1800372636,Inferred,1.7929934198,2.7013573753
CAACA,2.1800372636,Measured,1.7929934198,2.7013573753
CAGCT,2.2140511962,Measured,1.9397372034,2.6247364963
AACAA,2.2337728978,Measured,1.4611181667,3.1440136661
TAATC,2.2644964719,Inferred,1.8242802544,2.844191101
GTATA,2.2737526349,Measured,2.0391987761,2.6483550255
TTCTA,2.2936530874,Measured,1.0901448655,3.6384355808
AAGCA,2.3000049351,Measured,1.8553335702,2.8863418046
TCGCT,2.3111851479,Inferred,2.0371787976,2.727545632
AACTC,2.3256749751,Measured,2.0093602504,2.7852363138
CCGCT,2.3306119383,Inferred,2.0566671164,2.7481074592
ATCCT,2.3323230576,Measured,1.7360877289,3.0722144794
TACTC,2.3767464621,Measured,0.9841520911,3.9157331219
AACCA,2.4399831198,Measured,2.1638757703,2.8663777294
TTGCT,2.4403174319,Inferred,2.154667846,2.8762748693
CTATG,2.4592328561,Inferred,2.1346286126,2.9353100195
GTAGA,2.4633861913,Measured,2.2415606831,2.836940438
TAGCA,2.4673418356,Inferred,2.0507176921,3.03593836
CTGCT,2.4780284711,Inferred,2.1904896197,2.9181979314
GGGAT,2.478515986,Measured,2.0683762823,3.0413163264
AACTG,2.5266262935,Measured,2.0444690313,3.1644074778
AGCGG,2.531993527,Measured,2.0299787752,3.1899627879
GAATA,2.5617177335,Measured,2.082281956,3.19893884
ATATT,2.5631245101,Inferred,2.1836612609,3.1004597366
TACTA,2.5636570285,Measured,2.2782208697,3.0069979644
TCCTA,2.5685992371,Measured,1.8389311375,3.4564765219
TTATG,2.5923515039,Inferred,2.2644914459,3.0798837339
GTATT,2.6155081473,Inferred,2.33259347,3.0595212969
CTTAC,2.623051512,Measured,2.4565030482,2.9511630708
CTAAA,2.6287591904,Measured,2.5715646199,2.8478684123
CTATC,2.686614771,Inferred,2.4205989694,3.1181087553
CTATT,2.7041079757,Inferred,2.3776967305,3.1970748725
GGGTT,2.736188301,Measured,2.509523849,3.1313843464
ATATC,2.749182646,Measured,2.4925984684,3.175098785
ACGAT,2.788441626,Measured,2.4705913601,3.2780419538
ACGCA,2.7896986457,Inferred,2.3612551518,3.3899696258
TACTG,2.8315550267,Measured,2.4677393759,3.3697762474
GATAC,2.8504796238,Measured,2.5285143551,3.3480160959
TTATT,2.8595779179,Inferred,2.5302006208,3.3650868146
CAAGG,2.8620656873,Measured,2.4689890271,3.4314271778
GGTAC,2.8679949514,Measured,2.5159748408,3.3966650968
AAATT,2.9438788679,Measured,2.1117608912,3.9573208404
TTGCA,2.9674557655,Inferred,2.4730334246,3.6446542875
AGGTA,2.9685930103,Inferred,2.4596368233,3.6603954252
TGCAA,3.0187169295,Measured,2.4286265038,3.7947408939
CTATA,3.0233217788,Inferred,2.6493551987,3.5835055267
CCGCA,3.0704194843,Inferred,2.496388785,3.8335682672
AGCTG,3.0889474943,Measured,2.7949871635,3.5731671148
AGCCG,3.0990818158,Inferred,2.4426918731,3.9463552572
ATGCA,3.1090617464,Inferred,2.601936966,3.8076847251
GATGT,3.1568366233,Measured,2.2064353138,4.3016787561
AGCTA,3.1735798231,Measured,2.5907168078,3.9519149349
AAAAT,3.1950357235,Measured,1.0224119799,5.5644531091
AGGCT,3.1980558398,Measured,2.7148497825,3.8782415587
AGCGT,3.260910867,Inferred,2.7047072606,4.0179656005
AGCGA,3.2882742815,Inferred,2.7420190027,4.0370660975
TTATA,3.38884295,Inferred,2.9940811719,3.9923356483
CATTG,3.3968166637,Measured,0.8504083102,6.1524470668
AAGTA,3.4039508668,Inferred,2.879758778,4.1378044262
TGGTA,3.4064351347,Inferred,2.6030380586,4.4196466962
ACGCT,3.4480975395,Measured,2.9914020749,4.1171736258
GTATC,3.4888626303,Measured,2.8966077272,4.2960090222
ATGTA,3.5744315503,Inferred,2.9408018041,4.4282232802
GAGTA,3.6268305124,Inferred,2.6879319344,4.7891185131
AGCTT,3.7096182982,Measured,2.7244439355,4.9232812784
TCGTA,3.7484879624,Inferred,3.3505230537,4.3773356098
TAGTA,3.7542245663,Inferred,2.9944797663,4.7452054431
TTGTA,3.7708096396,Measured,3.0258677179,4.7480091717
ATATG,3.9284835738,Measured,3.5930373201,4.5058991378
CGGTA,3.9522616044,Inferred,2.9998911315,5.1480659612
AGCAC,3.9608230785,Measured,3.5713471481,4.5942602245
AGCAA,3.9928195946,Measured,2.9885911179,5.2429800664
GAGCT,4.086624761,Measured,3.6545579064,4.7704014055
CAGTA,4.1908857421,Inferred,3.3119622246,5.327940855
AGCAG,4.2326198043,Measured,3.3466697021,5.3792720516
AGCCC,4.2959999197,Measured,3.953673392,4.9029323998
CCGTA,4.4762565887,Inferred,3.8796604842,5.3485612964
GTGTA,4.5125778334,Measured,4.0528671378,5.2502342873
AGCAT,4.5416574112,Measured,3.4783162604,5.884735435
TTCAA,4.5669497949,Measured,0.6750731657,10.2514159012
GGGTA,5.145382293,Measured,4.5602465969,6.0474404303
ACGTA,5.5221781371,Measured,3.599472659,7.7850142558
GGGCA,9.2781690515,Measured,7.7463981868,11.3814154291
