position,mute_freq,lo_err,hi_err,A,A_obs,A_lo_err,A_hi_err,C,C_obs,C_lo_err,C_hi_err,G,G_obs,G_lo_err,G_hi_err,T,T_obs,T_lo_err,T_hi_err
0,0.0,0.0,0.00010690478436850194,0.0,0,0.0,0.00010690478436850194,0.0,0,0.0,0.00010690478436850194,1.0,10275,0.99989309521563152,1.0,0.0,0,0.0,0.00010690478436850194
1,0.3088487972508591,0.30509390045514978,0.31265725751522422,0.0820446735395189,1146,0.079856509006684034,0.084349956118651481,0.06321592210767468,883,0.061284685836160452,0.065269552826959565,0.16358820160366552,2285,0.16060745856928504,0.1666632124828894,0.6911512027491409,9654,0.68734274248477578,0.69490609954485016
2,0.27038066602371363,0.26716987293559041,0.27364244704220686,0.7296193339762864,12861,0.72635755295779314,0.73283012706440953,0.09082657287116355,1601,0.08877789770104981,0.092966107018609745,0.11198729222215918,1974,0.10973239491609514,0.11432834957715976,0.06756680093039087,1191,0.065785555590930675,0.069444070370402677
3,0.2074704857751113,0.20476954607164008,0.2102268261629967,0.05423843622992065,1121,0.052756249373205596,0.055805044084463296,0.07470485775111284,1544,0.07297570037481492,0.076514559903234192,0.0785271917940778,1623,0.076756739682648706,0.080377464764821216,0.7925295142248887,16380,0.7897731738370033,0.79523045392835989
4,0.19538034039597083,0.19287877908968373,0.19793367120439254,0.054663077457450505,1259,0.053251588359784288,0.056150251041742871,0.0656477943730462,1512,0.064105733948020244,0.067263672360996729,0.07506946856547413,1729,0.07342567980815691,0.076785473633847134,0.8046196596040291,18532,0.80206632879560746,0.80712122091031624
5,0.17565323070690703,0.17333589455411999,0.17802199803457486,0.8243467692930929,20349,0.82197800196542514,0.82666410544587998,0.05732226048207414,1415,0.05592579730831481,0.058788918676648372,0.06068462629127,1498,0.059249157315698832,0.062189757096906884,0.05764634393356289,1423,0.056246062630028473,0.059116768865898339
6,0.04560779519098959,0.044411962402258573,0.046869525146032487,0.0213404468156052,576,0.020523738982940527,0.022226571680070695,0.9543922048090104,25760,0.95313047485396751,0.95558803759774147,0.009966285057982291,269,0.0094162192719803792,0.010587418606238685,0.014301063317402097,386,0.013636595909879621,0.01503596915095784
7,0.055801959773078905,0.054529592549999367,0.057134108076421386,0.03964242736805914,1153,0.038566339795914492,0.040780470936778168,0.004744713769984528,138,0.0043873223848274415,0.0051687614023859796,0.9441980402269211,27462,0.94286589192357861,0.94547040744999911,0.011414818635035242,332,0.010844544927454618,0.012050848485879895
8,0.12923087506879471,0.12735246889630039,0.13115920227081701,0.8707691249312053,25315,0.86884079772918299,0.87264753110369964,0.03542927903137039,1030,0.034411406232703168,0.036509702853947612,0.07330077050082554,2131,0.071850590996648686,0.074808401664718915,0.02050082553659879,596,0.019728695171573142,0.021337517323396393
9,0.1109250589481598,0.10917502770798834,0.11272713406302282,0.02716741277380993,795,0.026279325849886508,0.028118747770219721,0.05177186207839251,1515,0.05054862537000554,0.053055055357344005,0.03198578409595735,936,0.031021679725391868,0.033012491911639574,0.8890749410518403,26017,0.88727286593697718,0.89082497229201163
10,0.08577924060941264,0.084228544553712051,0.087384953133428978,0.020291133656815175,598,0.019528056287488205,0.021117926269589637,0.039869702419327475,1175,0.038797455250699428,0.041003063962580799,0.025618404533269995,755,0.024759230703992781,0.026540585846435816,0.9142207593905873,26943,0.91261504686657102,0.91577145544628791
11,0.07475777664456909,0.073302446404390764,0.076269694763796192,0.01941186469488356,571,0.018665211353832679,0.020222471623241867,0.040693523712391634,1197,0.039609369025623307,0.041838799479457345,0.014652388237293897,431,0.014006439378912694,0.015362924358639618,0.9252422233554309,27216,0.92373030523620381,0.92669755359560924
12,0.09292322397842488,0.091309295532488538,0.094591548545232773,0.021643396033181987,634,0.020852464710862575,0.022498248991521863,0.050694705219677054,1485,0.049484541234214391,0.05196490831940781,0.020585122725565834,603,0.019814176806081243,0.021420131740138015,0.9070767760215751,26571,0.90540845145476723,0.90869070446751143
13,0.07761061645003924,0.076126867314853672,0.07915076939856891,0.016716132773854604,490,0.016023535380565029,0.017473266418306155,0.032784088970763826,961,0.031808816980008169,0.033821751011545276,0.028110394705420802,824,0.027207630371394304,0.029076173288518192,0.9223893835499608,27038,0.92084923060143109,0.9238731326851447
14,0.04980202075368651,0.048602361314159855,0.051061832439980637,0.01631622064445658,478,0.015632026399583613,0.017065042049975498,0.022050791916985255,646,0.021252345032923246,0.022913099441892126,0.9501979792463134,27837,0.94893816756001936,0.95139763868584015,0.011435008192244675,335,0.01086615229812481,0.01206914394724623
15,0.04990422766452319,0.04870216580357134,0.051166551528801452,0.016007661786838146,468,0.015329512157609535,0.016750612537968279,0.024490354357641263,716,0.023647320202881336,0.025397053493178889,0.9500957723354768,27777,0.94883344847119855,0.95129783419642866,0.009406211520043782,275,0.0088922832178006221,0.0099858256476506035
16,0.08506070737286645,0.08348813606069333,0.086690438617633925,0.9149392926271336,25998,0.91330956138236608,0.91651186393930661,0.019919056836178076,566,0.019149833901494266,0.02075441405402878,0.052577863804328696,1494,0.05132758549093229,0.053889776856848814,0.01256378673235967,357,0.011957582414515909,0.01323713916516045
17,0.05636765544780376,0.055066189127930536,0.057731034014301241,0.028807758128921848,808,0.027874097578789794,0.029807177458912038,0.014332572732458642,402,0.013679363338612898,0.015053561764701184,0.9436323445521962,26467,0.94226896598569876,0.94493381087206951,0.013227324586423275,371,0.012600801036020987,0.013921782144392769
18,0.09750102417042196,0.095778955080992878,0.099281768842219509,0.02141447245912629,575,0.020594276002337989,0.022304437071425376,0.03277345350266284,880,0.031756050092147971,0.033858968805244305,0.04331309820863283,1163,0.042144337070151222,0.044548434620753419,0.902498975829578,24233,0.90071823115778049,0.90422104491900712
19,0.07451445175103227,0.072975287427130955,0.076117290684993621,0.031197430799816486,816,0.030192228049221597,0.032272791052033845,0.02672426976601927,699,0.025794579153436949,0.027724787424832753,0.9254855482489678,24207,0.92388270931500638,0.927024712572869,0.016592751185196514,434,0.015864286998842798,0.017393559169987527
20,0.12055713784089579,0.11861846479683795,0.12255375806911195,0.041668292302290195,1068,0.04049548920144326,0.042911090581754685,0.059849401115836295,1534,0.058449429168483946,0.061316591508201235,0.8794428621591042,22541,0.87744624193088805,0.88138153520316198,0.0190394444227693,488,0.018249851986846644,0.019902488554829012
21,0.16407280400949617,0.16172613805288441,0.16647727791766653,0.03648993229578827,830,0.035326680713318022,0.037732947535364603,0.08137694539699288,1851,0.079658990722766956,0.083166938885654962,0.046205926316715024,1051,0.044898061091096481,0.047591883041935068,0.8359271959905038,19014,0.83352272208233347,0.83827386194711562
22,0.19605788423153692,0.19337445979480672,0.19880067441771709,0.04840319361277445,970,0.046980275823990655,0.049914317537395725,0.09500998003992016,1904,0.093045488911761384,0.097053573698905882,0.05264471057884232,1055,0.051161906848285303,0.054214891927646947,0.8039421157684631,16111,0.80119932558228291,0.80662554020519328
23,0.2085201793721973,0.20553497927040851,0.2115726966449859,0.7914798206278026,13414,0.7884273033550141,0.79446502072959146,0.09688458815199434,1642,0.09473280536749297,0.099129470565046063,0.05446070332782629,923,0.052825429543848709,0.056198874966469692,0.05717488789237668,969,0.055500292239061728,0.058951754511034848
24,0.2622406076224061,0.25876812726319842,0.26577619713433998,0.0630679506306795,930,0.061188918564572509,0.065062959609688775,0.14207242642072426,2095,0.13933848147691394,0.14490137726802632,0.0571002305710023,842,0.055309982560221342,0.059008039647473476,0.7377593923775939,10879,0.73422380286565769,0.74123187273680158
25,0.3061350641322825,0.30224530088356305,0.31008345731691167,0.07502704373358059,971,0.072850670007463855,0.077331941463315124,0.15183124710245713,1965,0.14883216821405529,0.15493562173730768,0.07927677329624479,1026,0.077042512014235731,0.08163827328191875,0.6938649358677175,8980,0.68991654268308833,0.69775469911643762
26,0.3882697947214076,0.38363009499797129,0.39295224095468684,0.6117302052785923,6258,0.60704775904531316,0.61636990500202871,0.17526881720430107,1793,0.17169441800296781,0.17896745457609253,0.11006842619745845,1126,0.10714914594039872,0.11313688990782589,0.1029325513196481,1053,0.1001016677059177,0.10591534857170493
27,0.4115762983299016,0.40650473100911216,0.41668745248698402,0.10809883321894304,945,0.10497337828051945,0.11139974137002573,0.1771905742393045,1549,0.17331209404515321,0.18121357494040458,0.1262868908716541,1104,0.12293331745785846,0.12980777453313419,0.5884237016700984,5144,0.58331254751301598,0.59349526899088789
28,0.46296842726467985,0.45712073167084788,0.46883750435086635,0.5370315727353202,3640,0.53116249564913365,0.5428792683291539,0.21481262909412807,1456,0.21006927034795922,0.21972065128507468,0.13115963411035703,889,0.12729901369117211,0.13523321888383977,0.11699616406019475,793,0.11332936423222886,0.12088410632703939
29,0.2236125126135217,0.21799571812310409,0.22944758099680129,0.057315842583249246,284,0.054293600366354791,0.060687697316897382,0.7763874873864783,3847,0.77055241900319871,0.78200428187689597,0.08799192734611504,436,0.084259917566221532,0.092049319617655945,0.07830474268415742,388,0.074777390124009122,0.082165128972282231
30,0.0,0.0,0.00042589310831970341,0.0,0,0.0,0.00042589310831970341,1.0,2578,0.99957410689168003,1.0,0.0,0,0.0,0.00042589310831970341,0.0,0,0.0,0.00042589310831970341
